timestamp,open,high,low,close,volume
2025-11-12T12:00:00Z,159.9100,160.9800,155.1500,155.6600,6360823.65
2025-11-12T16:00:00Z,155.6500,156.1700,151.0600,152.9500,7789777.20
2025-11-12T20:00:00Z,152.9500,154.6000,152.4500,153.3200,2395813.08
2025-11-13T00:00:00Z,153.3200,155.7700,150.2900,154.2700,4533316.46
2025-11-13T04:00:00Z,154.2700,157.1590,153.3100,155.2200,3741767.43
2025-11-13T08:00:00Z,155.2300,156.4400,153.7900,156.1900,2867006.42
2025-11-13T12:00:00Z,156.1900,156.8600,152.1500,153.0500,6372436.38
2025-11-13T16:00:00Z,153.0500,153.3200,141.9300,142.6400,11188895.26
2025-11-13T20:00:00Z,142.6500,146.1000,140.9400,144.6200,7130942.98
2025-11-14T00:00:00Z,144.6300,145.6000,142.6200,144.2000,3507387.36
2025-11-14T04:00:00Z,144.2100,144.4200,138.4800,142.7700,8190166.32
2025-11-14T08:00:00Z,142.7700,143.1300,139.7400,140.6900,4665767.55
2025-11-14T12:00:00Z,140.6900,143.7200,135.6700,142.1600,12372332.21
2025-11-14T16:00:00Z,142.1700,144.2000,140.5000,143.0700,5389744.24
2025-11-14T20:00:00Z,143.0800,143.1700,137.1300,138.8300,3838842.62
2025-11-15T00:00:00Z,138.8400,143.3000,138.6600,142.4600,2663699.43
2025-11-15T04:00:00Z,142.4600,143.5100,141.7500,142.6700,1571020.96
2025-11-15T08:00:00Z,142.6600,142.7600,139.8500,140.1100,2298934.83
2025-11-15T12:00:00Z,140.1100,142.1900,139.9000,141.6400,1959617.17
2025-11-15T16:00:00Z,141.6300,144.6400,140.7100,141.7000,2795090.08
2025-11-15T20:00:00Z,141.6900,141.9000,138.5100,139.5500,2489613.15
2025-11-16T00:00:00Z,139.5400,141.4200,137.2800,141.3200,2775855.14
2025-11-16T04:00:00Z,141.3200,142.4400,140.6300,142.2200,1561738.91
2025-11-16T08:00:00Z,142.2300,143.3300,139.4500,139.8700,3188097.42
2025-11-16T12:00:00Z,139.8700,140.7900,137.0300,137.3600,3712423.59
2025-11-16T16:00:00Z,137.3600,138.4700,134.3000,136.7900,7256773.27
2025-11-16T20:00:00Z,136.7900,138.1200,134.7400,137.1200,4177767.01
2025-11-17T00:00:00Z,137.1200,140.6000,136.0200,140.2100,3743046.49
2025-11-17T04:00:00Z,140.2200,141.8000,139.6100,141.2600,2313973.99
2025-11-17T08:00:00Z,141.2600,142.7400,140.8600,141.8000,3032663.66
2025-11-17T12:00:00Z,141.8000,143.3000,136.6900,137.0600,10063661.14
2025-11-17T16:00:00Z,137.0600,137.1100,129.3000,129.5800,11652819.92
2025-11-17T20:00:00Z,129.5800,131.8800,128.7000,130.9000,5248155.26
2025-11-18T00:00:00Z,130.9000,135.1900,128.9000,134.4500,7922169.53
2025-11-18T04:00:00Z,134.4600,137.7600,132.4300,136.8300,7664320.16
2025-11-18T08:00:00Z,136.8400,139.0600,136.3600,137.7900,4163070.66
2025-11-18T12:00:00Z,137.7900,142.0800,136.7500,139.6300,7701426.25
2025-11-18T16:00:00Z,139.6400,142.0700,138.6700,141.3800,5214100.85
2025-11-18T20:00:00Z,141.3800,142.0600,139.5800,140.6100,2504281.69
2025-11-19T00:00:00Z,140.6100,142.7500,139.2000,139.7000,3462597.08
2025-11-19T04:00:00Z,139.7000,141.0500,137.0400,140.4900,4785958.45
2025-11-19T08:00:00Z,140.4900,140.9600,138.3000,138.4900,2525004.72
2025-11-19T12:00:00Z,138.4900,139.1300,134.2900,134.5100,6898473.39
2025-11-19T16:00:00Z,134.5100,135.3700,130.4400,131.6400,7094052.43
2025-11-19T20:00:00Z,131.6400,136.9800,131.2600,136.9600,5179027.90
2025-11-20T00:00:00Z,136.9500,144.4000,136.2600,143.1200,7622875.63
2025-11-20T04:00:00Z,143.1200,144.7800,142.1300,143.7400,3666929.90
2025-11-20T08:00:00Z,143.7300,143.9100,141.0400,142.0500,2794878.98
2025-11-20T12:00:00Z,142.0500,143.4400,138.2400,138.5100,7028440.94
2025-11-20T16:00:00Z,138.5200,138.7000,131.0300,133.8200,15618593.92
2025-11-20T20:00:00Z,133.8300,136.5900,132.5300,133.6000,6192593.33
2025-11-21T00:00:00Z,133.6100,134.9900,131.0000,132.5500,5115590.00
2025-11-21T04:00:00Z,132.5500,133.0500,121.0200,127.4300,10390122.01
2025-11-21T08:00:00Z,127.4400,129.3300,123.7100,124.2400,11696215.84
2025-11-21T12:00:00Z,124.2400,129.5000,121.5500,125.3400,15044931.93
2025-11-21T16:00:00Z,125.3400,130.5400,123.5000,128.0500,10620448.87
2025-11-21T20:00:00Z,128.0400,129.2800,125.0000,128.6100,5804336.24
2025-11-22T00:00:00Z,128.6000,129.8700,126.7400,127.0700,3186456.10
2025-11-22T04:00:00Z,127.0600,128.3200,125.2300,127.6500,3782344.09
2025-11-22T08:00:00Z,127.6500,127.6700,125.1700,126.6100,3688487.00
2025-11-22T12:00:00Z,126.6100,127.7900,125.0000,127.0600,3380231.24
2025-11-22T16:00:00Z,127.0600,128.5500,126.7000,127.1200,2949015.44
2025-11-22T20:00:00Z,127.1300,128.8400,126.0100,127.5000,2044678.56
2025-11-23T00:00:00Z,127.5000,130.7400,127.4800,129.8600,2876041.78
2025-11-23T04:00:00Z,129.8600,131.8400,128.0100,128.7800,3269148.36
2025-11-23T08:00:00Z,128.7800,131.1200,128.7300,129.6600,2685108.18
2025-11-23T12:00:00Z,129.6600,133.1200,129.5700,132.8200,4429632.41
2025-11-23T16:00:00Z,132.8200,133.3800,130.7500,132.3000,3954308.82
2025-11-23T20:00:00Z,132.3000,133.5000,130.4000,130.5100,2630990.70
2025-11-24T00:00:00Z,130.5200,134.3700,129.2200,133.3700,5157844.69
2025-11-24T04:00:00Z,133.3700,133.8700,130.1000,130.2000,4999558.11
2025-11-24T08:00:00Z,130.2000,130.6500,128.3400,129.5600,3892538.25
2025-11-24T12:00:00Z,129.5500,132.5500,128.4300,131.8900,5457553.98
2025-11-24T16:00:00Z,131.8800,137.9400,131.7700,137.1900,7856760.49
2025-11-24T20:00:00Z,137.1900,139.7800,137.1900,138.3800,3991045.04
2025-11-25T00:00:00Z,138.3800,138.9500,137.1700,137.7300,2429584.29
2025-11-25T04:00:00Z,137.7300,138.9100,136.2300,136.2800,2319571.69
2025-11-25T08:00:00Z,136.2700,136.7500,134.6600,136.1800,3777413.86
2025-11-25T12:00:00Z,136.1900,136.9000,133.0000,134.7500,6090300.33
2025-11-25T16:00:00Z,134.7500,137.9400,134.1200,136.6100,5041188.34
2025-11-25T20:00:00Z,136.6100,140.4500,135.8900,138.9000,3981098.98
2025-11-26T00:00:00Z,138.9000,140.6200,137.8400,138.1100,2694199.04
2025-11-26T04:00:00Z,138.1100,139.9000,137.6600,139.8400,2243586.59
2025-11-26T08:00:00Z,139.8400,139.8900,136.0700,136.7700,4362233.49
2025-11-26T12:00:00Z,136.7600,138.2700,135.4200,136.5900,8477369.49
2025-11-26T16:00:00Z,136.6000,144.7000,136.3700,143.9400,8649129.74
2025-11-26T20:00:00Z,143.9500,144.1600,142.4300,142.9500,2766209.86
2025-11-27T00:00:00Z,142.9500,144.0200,142.0000,142.4500,2990957.87
2025-11-27T04:00:00Z,142.4600,144.2200,142.2200,143.6700,1901517.00
2025-11-27T08:00:00Z,143.6700,143.8300,141.4100,141.9800,2831757.20
2025-11-27T12:00:00Z,141.9800,142.4800,140.6200,142.0700,2438161.67
2025-11-27T16:00:00Z,142.0700,143.1400,141.3300,142.6200,2305567.21
2025-11-27T20:00:00Z,142.6200,142.8100,140.3400,140.7700,1767467.41
2025-11-28T00:00:00Z,140.7700,141.3700,138.5000,139.5800,2633369.19
2025-11-28T04:00:00Z,139.5800,140.4600,138.8700,138.8800,1948978.28
2025-11-28T08:00:00Z,138.8800,142.5700,138.8400,140.8900,3514222.22
2025-11-28T12:00:00Z,140.9000,143.5600,140.3400,141.5900,5256204.92
2025-11-28T16:00:00Z,141.5900,141.6400,135.8700,137.4300,6279120.78
2025-11-28T20:00:00Z,137.4300,138.2200,136.5400,137.2800,1623149.89
2025-11-29T00:00:00Z,137.2800,137.8100,136.6400,136.7700,1128969.68
2025-11-29T04:00:00Z,136.7700,137.6800,136.2100,137.2200,1579588.40
2025-11-29T08:00:00Z,137.2300,137.4200,136.3400,137.2700,1372474.94
2025-11-29T12:00:00Z,137.2700,137.6100,136.3900,137.4900,1340928.66
2025-11-29T16:00:00Z,137.5000,137.9900,134.6100,135.6300,2968273.90
2025-11-29T20:00:00Z,135.6300,136.4500,135.2600,135.8400,1067143.45
2025-11-30T00:00:00Z,135.8500,136.7700,135.1800,136.3500,1575364.51
2025-11-30T04:00:00Z,136.3600,136.9300,135.4400,136.4400,1258613.78
2025-11-30T08:00:00Z,136.4400,137.0400,136.0500,136.3700,1340962.43
2025-11-30T12:00:00Z,136.3700,140.1500,136.1200,138.2900,4041784.90
2025-11-30T16:00:00Z,138.2800,139.7900,137.3200,137.5800,2286282.96
2025-11-30T20:00:00Z,137.5800,137.8900,133.1600,133.3800,3207379.11
2025-12-01T00:00:00Z,133.3700,133.6600,126.4500,126.8900,8833868.76
2025-12-01T04:00:00Z,126.8900,127.3700,125.7300,127.3300,3178704.43
2025-12-01T08:00:00Z,127.3200,127.9300,126.7800,127.0500,2025582.64
2025-12-01T12:00:00Z,127.0500,127.6600,123.0500,125.0500,9035853.03
2025-12-01T16:00:00Z,125.0600,125.2800,123.1900,123.8000,4339223.19
2025-12-01T20:00:00Z,123.7900,127.3200,123.7500,126.5700,3943307.95
2025-12-02T00:00:00Z,126.5700,128.4800,125.9500,127.2100,3226720.85
2025-12-02T04:00:00Z,127.2100,127.8000,126.3600,127.1800,1711876.90
2025-12-02T08:00:00Z,127.1700,128.7800,125.8900,128.2300,2986511.44
2025-12-02T12:00:00Z,128.2300,141.5000,128.0900,137.7900,11815381.60
2025-12-02T16:00:00Z,137.7900,140.8600,137.3200,140.2300,6959302.08
2025-12-02T20:00:00Z,140.2300,140.3700,138.1600,138.6500,3453881.18
2025-12-03T00:00:00Z,138.6500,140.6200,137.7100,140.2900,3134792.09
2025-12-03T04:00:00Z,140.2900,144.2200,140.1300,141.8200,4854962.13
2025-12-03T08:00:00Z,141.8300,142.6400,140.6600,141.6600,2603269.01
2025-12-03T12:00:00Z,141.6500,143.4700,138.6100,140.9200,6608245.11
2025-12-03T16:00:00Z,140.9300,142.3500,139.7900,141.2300,3288394.31
2025-12-03T20:00:00Z,141.2200,146.0400,140.6700,144.6200,5963518.45
2025-12-04T00:00:00Z,144.6200,146.8700,143.5900,144.5800,3913219.78
2025-12-04T04:00:00Z,144.5900,144.8500,142.5600,143.3800,2553466.39
2025-12-04T08:00:00Z,143.3900,144.1500,142.6300,142.9900,1768957.29
2025-12-04T12:00:00Z,142.9900,144.2200,141.3800,143.1400,4356017.70
2025-12-04T16:00:00Z,143.1300,143.8000,137.7000,139.6000,4891743.70
2025-12-04T20:00:00Z,139.6000,140.4500,138.4300,138.9600,2456115.94
2025-12-05T00:00:00Z,138.9500,140.2100,138.2100,138.4700,2212564.23
2025-12-05T04:00:00Z,138.4700,140.7200,137.7100,139.6200,2721937.70
2025-12-05T08:00:00Z,139.6200,139.6200,136.0500,136.9500,4214402.84
2025-12-05T12:00:00Z,136.9500,137.1700,134.3200,134.9600,5450165.25
2025-12-05T16:00:00Z,134.9500,135.1600,130.5000,132.4000,6879796.81
2025-12-05T20:00:00Z,132.4100,133.2900,131.8800,133.2200,1781942.66
2025-12-06T00:00:00Z,133.2200,134.0700,132.7100,133.6500,1354849.14
2025-12-06T04:00:00Z,133.6500,133.6700,132.4600,132.6500,1246236.16
2025-12-06T08:00:00Z,132.6600,133.2200,131.7900,133.1400,1480158.22
2025-12-06T12:00:00Z,133.1300,133.9300,132.1300,132.8000,2165858.16
2025-12-06T16:00:00Z,132.8100,133.4900,131.6700,132.0100,1651014.88
2025-12-06T20:00:00Z,132.0100,132.8700,131.2200,132.1400,1436839.11
2025-12-07T00:00:00Z,132.1300,133.5300,131.8500,133.4300,1078284.89
2025-12-07T04:00:00Z,133.4200,133.4600,131.8300,132.0200,1015614.98
2025-12-07T08:00:00Z,132.0200,132.5300,131.4600,132.3600,1145562.47
2025-12-07T12:00:00Z,132.3600,133.0000,127.5500,131.9300,6530049.80
2025-12-07T16:00:00Z,131.9300,136.2200,130.3900,135.6600,5699329.06
2025-12-07T20:00:00Z,135.6600,136.3300,129.6900,132.1600,4688388.93
2025-12-08T00:00:00Z,132.1700,134.6600,131.4100,134.2400,2961315.44
2025-12-08T04:00:00Z,134.2300,135.9700,133.9800,135.7900,2404819.58
2025-12-08T08:00:00Z,135.7800,139.3000,135.5900,138.3300,3817624.40
2025-12-08T12:00:00Z,138.3300,139.2800,135.1500,135.4500,6892012.84
2025-12-08T16:00:00Z,135.4500,136.4700,132.8500,133.5700,4535577.63
2025-12-08T20:00:00Z,133.5800,135.0000,132.3600,133.1900,3054242.98
2025-12-09T00:00:00Z,133.1800,134.3600,132.4000,134.1100,2763404.27
2025-12-09T04:00:00Z,134.1100,134.2200,131.6400,133.1400,2501907.93
2025-12-09T08:00:00Z,133.1500,133.3700,131.9100,132.8700,1674434.78
2025-12-09T12:00:00Z,132.8800,138.4600,131.5200,138.4200,6437203.86
2025-12-09T16:00:00Z,138.4200,144.9000,138.4100,142.0800,10849781.17
2025-12-09T20:00:00Z,142.0800,142.3000,136.6500,137.8200,4437454.11
2025-12-10T00:00:00Z,137.8200,138.5600,137.1000,138.0700,2443589.65
2025-12-10T04:00:00Z,138.0700,140.1800,137.9400,139.1300,2331345.78
2025-12-10T08:00:00Z,139.1400,139.8000,136.2500,137.1400,3947498.68
2025-12-10T12:00:00Z,137.1400,138.1000,135.6000,136.0900,3376658.52
2025-12-10T16:00:00Z,136.0800,139.5800,135.6500,138.6000,8123383.06
2025-12-10T20:00:00Z,138.6100,142.5700,135.2600,136.1800,7872757.43
2025-12-11T00:00:00Z,136.1800,136.3500,128.9100,129.2800,6631815.16
2025-12-11T04:00:00Z,129.2900,131.4400,128.9200,130.9300,3065286.60
2025-12-11T08:00:00Z,130.9300,131.3200,130.0600,130.8300,1806299.66
2025-12-11T12:00:00Z,130.8400,132.7500,129.6800,131.0800,5125324.25
2025-12-11T16:00:00Z,131.0800,135.5100,130.0200,133.8200,5193814.36
2025-12-11T20:00:00Z,133.8100,137.7600,133.7400,136.3600,5366163.45
2025-12-12T00:00:00Z,136.3600,137.9300,135.3100,137.0200,2929108.94
2025-12-12T04:00:00Z,137.0200,140.0900,136.5000,139.0600,3099325.27
2025-12-12T08:00:00Z,139.0500,139.1200,137.1700,138.6600,2429678.82
2025-12-12T12:00:00Z,138.6600,139.8200,132.7000,133.4200,7013535.26
2025-12-12T16:00:00Z,133.4300,133.9000,130.2400,131.1700,8488275.11
2025-12-12T20:00:00Z,131.1700,132.9800,130.9000,132.1900,2093222.76
2025-12-13T00:00:00Z,132.1900,133.0100,132.1900,132.8100,1057121.02
2025-12-13T04:00:00Z,132.8000,132.9400,132.1900,132.8500,857928.64
2025-12-13T08:00:00Z,132.8500,134.2000,132.8500,133.2300,1871238.36
2025-12-13T12:00:00Z,133.2300,133.6200,132.5400,133.2100,1647661.92
2025-12-13T16:00:00Z,133.2100,133.7700,132.0600,132.6800,1338680.26
2025-12-13T20:00:00Z,132.6900,133.1800,131.5100,133.0400,1241865.41
2025-12-14T00:00:00Z,133.0400,133.5800,132.6200,132.8600,837998.30
2025-12-14T04:00:00Z,132.8600,133.3200,132.0200,133.1800,935603.97
2025-12-14T08:00:00Z,133.1800,133.4300,130.0200,131.3700,3812484.20
2025-12-14T12:00:00Z,131.3800,131.8300,130.2400,130.6000,2407533.93
2025-12-14T16:00:00Z,130.5900,131.5300,129.2000,130.2100,2547924.16
2025-12-14T20:00:00Z,130.2200,130.7600,127.7300,129.3100,2783041.00
2025-12-15T00:00:00Z,129.3100,133.2000,129.2000,131.0900,3934372.60
2025-12-15T04:00:00Z,131.1000,132.6500,130.8000,132.2800,1523191.10
2025-12-15T08:00:00Z,132.2900,132.9900,132.0000,132.2100,1546090.44
2025-12-15T12:00:00Z,132.2200,135.4000,126.3400,126.7800,11835601.07
2025-12-15T16:00:00Z,126.7800,127.2200,123.5300,124.9300,7693430.33
2025-12-15T20:00:00Z,124.9300,127.7900,123.8000,127.7300,3411580.27
2025-12-16T00:00:00Z,127.7200,127.9600,124.8500,126.4300,3063875.06
2025-12-16T04:00:00Z,126.4200,127.4000,124.7600,125.4900,2464436.13
2025-12-16T08:00:00Z,125.4900,129.0000,125.3500,128.5700,3634736.22
2025-12-16T12:00:00Z,128.5700,130.1000,126.0500,129.6900,7599863.25
2025-12-16T16:00:00Z,129.6900,129.8000,126.6800,127.6700,3758312.29
2025-12-16T20:00:00Z,127.6800,129.4600,127.4100,129.0900,2041043.70
2025-12-17T00:00:00Z,129.0900,129.7700,128.1200,128.1900,2112146.44
2025-12-17T04:00:00Z,128.2000,128.5200,126.9200,128.2000,2325745.84
2025-12-17T08:00:00Z,128.2000,128.2000,125.9000,127.5400,2814196.82
2025-12-17T12:00:00Z,127.5300,133.9600,126.5100,126.6900,13013449.20
2025-12-17T16:00:00Z,126.6900,127.9100,121.2400,122.3100,11894624.18
2025-12-17T20:00:00Z,122.3200,123.6800,121.8700,123.1700,3006857.16
2025-12-18T00:00:00Z,123.1700,124.1000,122.8800,123.5800,2063315.83
2025-12-18T04:00:00Z,123.5800,124.1000,122.1300,122.7600,2099847.88
2025-12-18T08:00:00Z,122.7600,124.0700,122.3800,123.9900,2618634.14
2025-12-18T12:00:00Z,124.0000,129.0000,123.5600,127.3600,12358559.48
2025-12-18T16:00:00Z,127.3600,127.4600,117.2800,117.4700,13739166.60
2025-12-18T20:00:00Z,117.4800,120.1500,116.7100,119.5400,5707852.52
2025-12-19T00:00:00Z,119.5500,122.4700,117.5500,121.5200,5884613.67
2025-12-19T04:00:00Z,121.5200,125.3000,121.2900,124.3700,5304786.52
2025-12-19T08:00:00Z,124.3700,125.7300,123.8100,125.3100,3444107.23
2025-12-19T12:00:00Z,125.3200,127.6000,124.6000,125.0200,7395078.91
2025-12-19T16:00:00Z,125.0200,126.9500,123.5500,126.2200,4779039.26
2025-12-19T20:00:00Z,126.2200,127.8600,126.0500,126.2200,2235250.92
2025-12-20T00:00:00Z,126.2300,126.4400,125.2000,126.1500,1384275.42
2025-12-20T04:00:00Z,126.1600,126.6200,125.8100,126.1200,1047078.51
2025-12-20T08:00:00Z,126.1300,126.8700,125.8200,126.4200,1200069.66
2025-12-20T12:00:00Z,126.4300,126.6000,125.3600,126.5000,1550085.37
2025-12-20T16:00:00Z,126.5100,126.6500,125.6900,125.9900,863152.64
2025-12-20T20:00:00Z,126.0000,126.4900,125.5500,125.7400,751798.17
2025-12-21T00:00:00Z,125.7500,126.0500,124.6200,125.1600,1626238.79
2025-12-21T04:00:00Z,125.1700,125.5000,125.0200,125.2500,575764.49
2025-12-21T08:00:00Z,125.2400,126.5600,124.7100,125.4200,2230849.20
2025-12-21T12:00:00Z,125.4300,126.0000,123.3000,124.9800,4418282.40
2025-12-21T16:00:00Z,124.9800,126.3000,124.3000,125.6100,2796099.21
2025-12-21T20:00:00Z,125.6100,126.2700,124.6300,125.9600,1416239.72
2025-12-22T00:00:00Z,125.9700,128.5100,124.4000,125.9700,5377177.71
2025-12-22T04:00:00Z,125.9800,126.6800,125.4700,126.2300,1745554.29
2025-12-22T08:00:00Z,126.2300,127.4100,125.3800,126.9300,3193284.06
2025-12-22T12:00:00Z,126.9300,128.7400,126.2400,128.0200,5384612.09
2025-12-22T16:00:00Z,128.0300,128.3300,124.5600,124.5800,4496075.00
2025-12-22T20:00:00Z,124.5800,125.9800,124.1100,125.8700,2694443.74
2025-12-23T00:00:00Z,125.8700,126.8700,124.8100,125.5800,2383053.02
2025-12-23T04:00:00Z,125.5800,126.0200,123.5800,124.1300,2678185.47
2025-12-23T08:00:00Z,124.1300,125.1600,123.8400,124.7900,1803372.57
2025-12-23T12:00:00Z,124.7900,124.8700,122.0400,123.2800,5453002.57
2025-12-23T16:00:00Z,123.2900,124.8600,122.7000,123.9100,4097796.19
2025-12-23T20:00:00Z,123.9200,125.6000,123.4000,123.9500,2385679.35
2025-12-24T00:00:00Z,123.9600,124.2500,121.6800,122.6600,2524094.45
2025-12-24T04:00:00Z,122.6600,123.0100,120.5100,121.2400,2807674.67
2025-12-24T08:00:00Z,121.2500,122.1700,121.0100,121.9800,1875519.89
2025-12-24T12:00:00Z,121.9800,122.8900,120.6100,122.6700,2975207.60
2025-12-24T16:00:00Z,122.6700,123.4300,121.7100,122.8200,2455601.83
2025-12-24T20:00:00Z,122.8200,123.3600,122.4100,122.4900,1304145.10
2025-12-25T00:00:00Z,122.4900,123.1100,122.0300,122.6400,1054358.37
2025-12-25T04:00:00Z,122.6300,122.8000,122.0400,122.2400,945718.64
2025-12-25T08:00:00Z,122.2500,122.6300,121.2200,121.5900,1752081.20
2025-12-25T12:00:00Z,121.5800,124.0600,121.5200,123.6300,2837915.15
2025-12-25T16:00:00Z,123.6300,124.4200,122.7200,123.4200,2935308.22
2025-12-25T20:00:00Z,123.4100,123.4800,119.5800,119.9500,3868717.69
2025-12-26T00:00:00Z,119.9500,124.3300,119.1500,122.6100,6079502.89
2025-12-26T04:00:00Z,122.6100,123.9400,121.7200,122.6600,3137423.67
2025-12-26T08:00:00Z,122.6600,124.1300,122.2400,123.8000,2986857.07
2025-12-26T12:00:00Z,123.8000,125.1200,120.3700,121.4900,7935646.18
2025-12-26T16:00:00Z,121.5000,122.3500,121.1000,122.0800,2741721.01
2025-12-26T20:00:00Z,122.0800,122.6000,121.7400,122.2200,1207288.52
2025-12-27T00:00:00Z,122.2200,123.7800,121.8200,123.6300,1797317.37
2025-12-27T04:00:00Z,123.6300,123.7000,122.7100,123.1100,1402072.70
2025-12-27T08:00:00Z,123.1000,123.2900,122.4500,122.9500,1088443.25
2025-12-27T12:00:00Z,122.9500,123.6300,122.6900,123.2700,1364785.97
2025-12-27T16:00:00Z,123.2700,123.4200,122.7000,123.2100,1360485.10
2025-12-27T20:00:00Z,123.2100,125.0400,123.2000,124.6700,2773934.77
2025-12-28T00:00:00Z,124.6800,124.8500,123.8500,124.0800,1160514.02
2025-12-28T04:00:00Z,124.0700,124.2700,123.5500,124.1800,882777.35
2025-12-28T08:00:00Z,124.1800,124.7900,123.9200,124.5700,1343106.86
2025-12-28T12:00:00Z,124.5800,124.9800,124.2300,124.4000,1555513.22
2025-12-28T16:00:00Z,124.3900,124.7200,123.0100,123.2200,2649419.74
2025-12-28T20:00:00Z,123.2200,125.6000,123.0300,125.2100,2313605.44
2025-12-29T00:00:00Z,125.2200,130.2100,124.9400,128.5200,8924600.23
2025-12-29T04:00:00Z,128.5300,129.1200,127.2000,127.8300,2957113.48
2025-12-29T08:00:00Z,127.8200,128.4800,124.9500,125.0200,4388980.66
2025-12-29T12:00:00Z,125.0200,125.3800,122.1500,123.3600,7763794.40
2025-12-29T16:00:00Z,123.3500,123.9400,122.5200,122.9900,2666897.80
2025-12-29T20:00:00Z,122.9800,123.5500,122.8000,123.1900,1217536.22
2025-12-30T00:00:00Z,123.1900,123.8600,122.5000,123.7200,2112411.48
2025-12-30T04:00:00Z,123.7200,124.2900,123.1200,123.9400,1726825.67
2025-12-30T08:00:00Z,123.9400,125.1000,123.9100,124.2400,3046242.10
2025-12-30T12:00:00Z,124.2400,125.3100,123.4800,125.1000,5063532.27
2025-12-30T16:00:00Z,125.1100,126.4900,123.7000,124.6700,4687984.25
2025-12-30T20:00:00Z,124.6600,125.0800,123.4500,124.9200,1829340.84
2025-12-31T00:00:00Z,124.9300,126.0600,124.3400,125.7600,2449985.35
2025-12-31T04:00:00Z,125.7600,126.0400,125.3000,125.9000,1380939.78
2025-12-31T08:00:00Z,125.9000,126.8200,125.3600,126.6900,2200544.39
2025-12-31T12:00:00Z,126.6800,127.4000,124.9300,125.5400,4872897.03
2025-12-31T16:00:00Z,125.5400,125.7000,124.2400,124.3000,3028086.93
2025-12-31T20:00:00Z,124.3100,125.1200,123.4200,124.5900,2928769.34
2026-01-01T00:00:00Z,124.5800,125.7500,124.5200,125.1400,1442687.23
2026-01-01T04:00:00Z,125.1300,125.2600,124.1400,124.1900,969707.35
2026-01-01T08:00:00Z,124.1900,125.2200,124.0800,125.1600,1333503.18
2026-01-01T12:00:00Z,125.1600,125.2200,124.3400,124.9000,1480821.85
2026-01-01T16:00:00Z,124.9000,125.7500,124.2000,125.7000,2347355.58
2026-01-01T20:00:00Z,125.7000,127.2100,125.2500,126.8300,1963633.16
2026-01-02T00:00:00Z,126.8400,127.9900,125.8100,127.5100,2674478.26
2026-01-02T04:00:00Z,127.5100,127.6900,126.7100,127.1000,1875588.92
2026-01-02T08:00:00Z,127.1000,129.9800,127.0900,128.1900,4402146.07
2026-01-02T12:00:00Z,128.1800,129.5900,126.7600,128.9400,5543720.24
2026-01-02T16:00:00Z,128.9300,132.3000,128.6200,131.5900,6058642.16
2026-01-02T20:00:00Z,131.6000,133.2900,130.7600,132.2400,2625619.20
2026-01-03T00:00:00Z,132.2400,133.1300,132.0200,132.7700,1727411.24
2026-01-03T04:00:00Z,132.7800,132.8500,129.5200,130.0500,2672061.30
2026-01-03T08:00:00Z,130.0500,131.4300,129.7400,130.6300,1935417.40
2026-01-03T12:00:00Z,130.6400,132.1200,130.4300,131.4100,1777877.73
2026-01-03T16:00:00Z,131.4100,132.0700,131.4100,131.7300,1058916.37
2026-01-03T20:00:00Z,131.7300,133.9900,131.2700,133.3100,1962660.57
2026-01-04T00:00:00Z,133.3000,135.0000,133.2600,134.5600,2927628.35
2026-01-04T04:00:00Z,134.5500,134.9700,133.5200,133.7500,1889376.72
2026-01-04T08:00:00Z,133.7500,134.8200,133.1000,134.3200,2134886.05
2026-01-04T12:00:00Z,134.3300,135.3200,133.6700,134.8300,2535860.65
2026-01-04T16:00:00Z,134.8300,135.5000,133.0300,133.5100,2605710.46
2026-01-04T20:00:00Z,133.5100,134.8100,133.3200,134.0400,1605324.81
2026-01-05T00:00:00Z,134.0500,137.7500,133.9300,136.5800,5431248.96
2026-01-05T04:00:00Z,136.5800,136.7400,134.5400,135.3400,3236928.21
2026-01-05T08:00:00Z,135.3400,135.9700,134.6300,135.6800,2234261.04
2026-01-05T12:00:00Z,135.6900,136.4700,133.0900,136.0800,7553787.01
2026-01-05T16:00:00Z,136.0800,138.7800,134.2500,138.2000,5343516.96
2026-01-05T20:00:00Z,138.2000,139.8300,137.6900,137.8400,3392218.36
2026-01-06T00:00:00Z,137.8400,138.5700,136.8100,138.3100,3061516.03
2026-01-06T04:00:00Z,138.3200,140.0900,137.2600,137.5100,4590700.79
2026-01-06T08:00:00Z,137.5200,139.6400,137.3000,139.4400,3186906.06
2026-01-06T12:00:00Z,139.4400,143.4500,138.6600,141.5600,9077394.94
2026-01-06T16:00:00Z,141.5500,141.9300,136.1200,137.4500,7441571.00
2026-01-06T20:00:00Z,137.4500,141.9600,137.4200,141.0300,4404628.55
2026-01-07T00:00:00Z,141.0400,141.3500,138.3600,139.5200,3522869.44
2026-01-07T04:00:00Z,139.5200,139.6600,138.0600,139.3100,2135963.95
2026-01-07T08:00:00Z,139.3100,139.7400,136.4200,137.8400,4829008.17
2026-01-07T12:00:00Z,137.8400,138.4400,135.1700,135.6100,5785039.17
2026-01-07T16:00:00Z,135.6100,136.6000,134.3300,135.6800,3630284.61
2026-01-07T20:00:00Z,135.6800,137.0700,134.9300,136.3200,2376112.55
2026-01-08T00:00:00Z,136.3100,138.3000,135.9300,136.6800,3463861.88
2026-01-08T04:00:00Z,136.6800,138.2900,133.6000,135.8100,4928619.13
2026-01-08T08:00:00Z,135.8200,136.1700,133.8500,134.7200,3159921.76
2026-01-08T12:00:00Z,134.7100,136.5000,132.5000,136.3300,6621871.43
2026-01-08T16:00:00Z,136.3200,139.0700,136.1500,137.4800,5667625.47
2026-01-08T20:00:00Z,137.4800,140.0000,136.4600,138.3000,5172107.80
2026-01-09T00:00:00Z,138.2900,141.1400,137.6600,140.7300,3803273.11
2026-01-09T04:00:00Z,140.7300,141.0100,139.3800,139.5100,2678901.81
2026-01-09T08:00:00Z,139.5100,139.6300,136.9800,138.2400,4201056.31
2026-01-09T12:00:00Z,138.2300,140.8500,136.1100,138.7500,7818741.25
2026-01-09T16:00:00Z,138.7600,140.2100,135.3700,135.7100,5543703.83
2026-01-09T20:00:00Z,135.7100,136.4100,134.8600,135.8800,2707583.85
2026-01-10T00:00:00Z,135.8900,136.6200,135.6000,136.0500,1310503.68
2026-01-10T04:00:00Z,136.0500,136.2800,135.6600,136.0000,941611.72
2026-01-10T08:00:00Z,136.0100,136.9700,135.9100,136.5000,1380235.73
2026-01-10T12:00:00Z,136.5100,136.9900,135.9300,136.3500,1477532.86
2026-01-10T16:00:00Z,136.3600,136.6500,135.8400,136.1700,992116.65
2026-01-10T20:00:00Z,136.1700,136.2200,135.3000,135.7800,911692.08
2026-01-11T00:00:00Z,135.7900,136.4300,135.6800,136.2100,946635.13
2026-01-11T04:00:00Z,136.2100,136.3900,135.8300,136.1300,919672.06
2026-01-11T08:00:00Z,136.1300,136.8600,136.0400,136.4900,1189143.38
2026-01-11T12:00:00Z,136.5000,139.5000,136.4300,138.3800,4039503.63
2026-01-11T16:00:00Z,138.3800,141.6500,138.3800,139.3900,5401148.50
2026-01-11T20:00:00Z,139.3900,139.7400,137.4700,139.6500,3131329.00
2026-01-12T00:00:00Z,139.6500,144.4000,138.8500,142.4900,7103215.02
2026-01-12T04:00:00Z,142.4900,143.3200,141.2800,141.3400,2924791.88
2026-01-12T08:00:00Z,141.3500,142.0000,138.9400,139.9300,4653747.50
2026-01-12T12:00:00Z,139.9300,142.7000,138.5900,142.5500,5096420.74
2026-01-12T16:00:00Z,142.5400,144.2600,140.5400,140.9400,7403313.77
2026-01-12T20:00:00Z,140.9400,141.8100,138.2300,139.1300,3545540.56
2026-01-13T00:00:00Z,139.1300,139.5200,137.7500,138.6600,3245713.45
2026-01-13T04:00:00Z,138.6600,140.6900,138.3100,139.8800,3564880.72
2026-01-13T08:00:00Z,139.8800,143.0900,139.8700,141.8000,5123543.23
2026-01-13T12:00:00Z,141.7900,143.7900,141.1000,143.4100,8239191.95
2026-01-13T16:00:00Z,143.4200,144.5600,142.3300,144.1800,5132183.91
2026-01-13T20:00:00Z,144.1800,148.8000,142.9100,145.4800,7245877.55
2026-01-14T00:00:00Z,145.4700,146.5600,144.2900,146.2200,3793955.46
2026-01-14T04:00:00Z,146.2100,146.4100,143.8600,144.8000,3266777.07
2026-01-14T08:00:00Z,144.8000,145.7000,143.4500,143.7000,2752584.79
2026-01-14T12:00:00Z,143.6900,147.5600,143.3000,147.0200,6629102.39
2026-01-14T16:00:00Z,147.0200,148.4000,145.2600,146.7500,5385059.13
2026-01-14T20:00:00Z,146.7600,147.7000,145.7400,146.6100,2379218.13
2026-01-15T00:00:00Z,146.6200,146.6500,143.1000,143.4000,3497729.74
2026-01-15T04:00:00Z,143.4100,145.2200,143.2000,144.9300,2311796.29
2026-01-15T08:00:00Z,144.9400,145.9500,144.0000,144.7600,2394120.59
2026-01-15T12:00:00Z,144.7600,145.5700,141.7100,143.3900,6491566.41
2026-01-15T16:00:00Z,143.3900,144.1500,140.7700,141.4400,4399816.47
2026-01-15T20:00:00Z,141.4300,142.6000,140.9400,142.3200,1504509.82
2026-01-16T00:00:00Z,142.3300,142.7400,141.6000,141.8700,1427935.53
2026-01-16T04:00:00Z,141.8700,143.6000,141.3600,142.8600,2517096.68
2026-01-16T08:00:00Z,142.8600,143.4900,142.6300,143.0800,1705790.63
2026-01-16T12:00:00Z,143.0700,143.8000,140.1700,140.6800,4123361.97
2026-01-16T16:00:00Z,140.6800,144.4500,140.5400,144.1300,4060352.66
2026-01-16T20:00:00Z,144.1400,145.5000,143.4100,144.8500,2261029.18
2026-01-17T00:00:00Z,144.8400,144.9500,144.1400,144.3000,1032434.58
2026-01-17T04:00:00Z,144.2900,144.4500,143.5400,143.5600,910630.28
2026-01-17T08:00:00Z,143.5600,144.5800,143.1800,143.9200,1607067.81
2026-01-17T12:00:00Z,143.9200,144.2900,143.5000,144.2500,1602449.38
2026-01-17T16:00:00Z,144.2400,144.4600,143.5200,144.2000,1079434.12
2026-01-17T20:00:00Z,144.1900,144.5100,143.4000,143.6400,797854.28
2026-01-18T00:00:00Z,143.6500,143.9200,141.8000,142.7300,2808377.30
2026-01-18T04:00:00Z,142.7300,142.9400,141.9400,142.0400,894105.03
2026-01-18T08:00:00Z,142.0500,142.5600,141.8100,142.3200,998786.90
2026-01-18T12:00:00Z,142.3300,142.6700,141.4000,141.9100,1732327.91
2026-01-18T16:00:00Z,141.9200,143.1900,141.6700,142.2000,1691137.88
2026-01-18T20:00:00Z,142.2000,142.9900,137.6500,137.7900,4522345.97
2026-01-19T00:00:00Z,137.7900,137.7900,129.8200,133.8500,11009950.16
2026-01-19T04:00:00Z,133.8500,134.0000,132.6400,133.3900,2467682.66
2026-01-19T08:00:00Z,133.3900,134.3200,133.2000,134.0500,2053305.60
2026-01-19T12:00:00Z,134.0500,134.1400,133.2000,133.4700,2121698.33
2026-01-19T16:00:00Z,133.4800,134.6500,133.4000,134.3800,1680678.55
2026-01-19T20:00:00Z,134.3700,135.1000,132.6900,133.3800,2355910.52
2026-01-20T00:00:00Z,133.3800,134.6000,133.0000,134.2100,2243801.89
2026-01-20T04:00:00Z,134.2000,134.2100,130.5100,130.5600,4785543.08
2026-01-20T08:00:00Z,130.5700,130.7300,128.2700,128.7300,5840225.01
2026-01-20T12:00:00Z,128.7300,129.7300,127.1500,127.7800,6634088.68
2026-01-20T16:00:00Z,127.7700,128.5200,126.2000,127.1800,4942503.12
2026-01-20T20:00:00Z,127.1800,128.0300,124.2500,125.7200,3765637.09
2026-01-21T00:00:00Z,125.7200,127.8200,125.6600,127.5400,2736781.19
2026-01-21T04:00:00Z,127.5400,128.6800,127.3900,127.5300,2146824.87
2026-01-21T08:00:00Z,127.5200,128.1400,126.7300,126.8700,2269177.84
2026-01-21T12:00:00Z,126.8700,131.1300,126.0900,130.3800,7250542.83
2026-01-21T16:00:00Z,130.3700,131.6400,125.1700,131.4600,9413489.92
2026-01-21T20:00:00Z,131.4600,132.0900,129.0800,129.4800,3329234.01
2026-01-22T00:00:00Z,129.4800,130.5500,129.4500,129.7700,1623205.24
2026-01-22T04:00:00Z,129.7700,130.4200,129.6600,129.7200,1003736.98
2026-01-22T08:00:00Z,129.7300,130.3000,129.2600,130.0400,1455704.09
2026-01-22T12:00:00Z,130.0400,130.8900,126.6600,127.3200,5484127.72
2026-01-22T16:00:00Z,127.3200,129.3000,126.8200,129.1800,3223033.73
2026-01-22T20:00:00Z,129.1800,129.7000,127.9500,128.4100,1691480.22
2026-01-23T00:00:00Z,128.4200,128.9000,128.0000,128.7000,1020495.43
2026-01-23T04:00:00Z,128.6900,129.2400,127.1600,127.8400,2449581.59
2026-01-23T08:00:00Z,127.8400,127.9300,126.8400,127.4500,1592731.43
2026-01-23T12:00:00Z,127.4600,128.0500,125.2200,127.8400,4102573.03
2026-01-23T16:00:00Z,127.8500,130.1500,127.3700,128.0100,5248336.40
2026-01-23T20:00:00Z,128.0200,128.2100,126.4700,127.3600,1871134.02
2026-01-24T00:00:00Z,127.3700,128.0500,127.2200,127.8200,783505.46
2026-01-24T04:00:00Z,127.8200,128.0400,127.0000,127.0500,666123.68
2026-01-24T08:00:00Z,127.0600,127.3400,126.8600,127.1200,744375.34
2026-01-24T12:00:00Z,127.1200,127.3400,126.7200,126.7800,907816.15
2026-01-24T16:00:00Z,126.7700,127.4300,126.5600,127.2200,816763.58
2026-01-24T20:00:00Z,127.2100,127.6800,127.0200,127.1300,600134.86
2026-01-25T00:00:00Z,127.1300,127.3900,126.2500,126.5500,961229.80
2026-01-25T04:00:00Z,126.5600,126.9300,126.2700,126.4100,682301.27
2026-01-25T08:00:00Z,126.4100,127.1600,125.9000,126.7100,1217400.24
2026-01-25T12:00:00Z,126.7100,127.0800,125.3800,125.5100,1785435.23
2026-01-25T16:00:00Z,125.5100,125.5100,117.0000,117.8600,11561423.82
2026-01-25T20:00:00Z,117.8700,119.3700,117.3300,118.7600,6936901.90
2026-01-26T00:00:00Z,118.7700,122.7200,118.4500,121.5100,4672022.99
2026-01-26T04:00:00Z,121.5100,123.5500,121.5000,122.8400,2140302.27
2026-01-26T08:00:00Z,122.8500,123.5400,121.7100,122.4600,2207526.68
2026-01-26T12:00:00Z,122.4600,125.1500,122.2900,123.4600,4725759.16
2026-01-26T16:00:00Z,123.4500,125.5400,122.9600,124.2600,4222390.48
2026-01-26T20:00:00Z,124.2600,124.8300,123.3700,124.1800,1847757.87
2026-01-27T00:00:00Z,124.1700,125.1300,123.6600,124.4400,1792663.66
2026-01-27T04:00:00Z,124.4500,125.0900,123.9400,124.4600,1182439.32
2026-01-27T08:00:00Z,124.4500,124.7300,123.5100,124.0800,1642041.74
2026-01-27T12:00:00Z,124.0800,125.0000,123.0600,124.9400,2998514.46
2026-01-27T16:00:00Z,124.9400,126.7400,123.4700,125.7900,6056632.85
2026-01-27T20:00:00Z,125.7900,127.8000,125.6700,127.1200,3184103.66
2026-01-28T00:00:00Z,127.1200,127.4700,126.5700,126.9000,1501225.91
2026-01-28T04:00:00Z,126.8900,127.4900,126.3900,127.0400,1431163.61
2026-01-28T08:00:00Z,127.0400,128.3000,125.9200,128.1000,2537249.08
2026-01-28T12:00:00Z,128.1100,128.1900,125.4400,126.0000,3848391.57
2026-01-28T16:00:00Z,126.0100,126.9900,125.1700,125.9300,3285449.24
2026-01-28T20:00:00Z,125.9300,126.6200,124.6900,125.2800,2885623.95
2026-01-29T00:00:00Z,125.2900,125.4400,122.5800,122.9900,3205022.09
2026-01-29T04:00:00Z,122.9900,123.9300,122.4100,123.7100,1639281.59
2026-01-29T08:00:00Z,123.7200,123.8600,122.6100,122.6900,1608524.02
2026-01-29T12:00:00Z,122.6900,123.1200,116.0300,117.6000,10118496.10
2026-01-29T16:00:00Z,117.6000,119.8800,115.2900,116.7500,9766386.74
2026-01-29T20:00:00Z,116.7500,117.8400,116.4600,117.7200,2671298.75
2026-01-30T00:00:00Z,117.7200,118.0600,111.7500,114.3500,8559098.18
2026-01-30T04:00:00Z,114.3400,116.0700,112.8900,115.7100,4743019.03
2026-01-30T08:00:00Z,115.7200,117.2400,114.5800,117.0100,3858036.40
2026-01-30T12:00:00Z,117.0000,117.6000,114.5000,116.7300,6584606.19
2026-01-30T16:00:00Z,116.7200,119.0900,114.2600,118.2300,8314453.78
2026-01-30T20:00:00Z,118.2300,118.3900,116.3200,117.5400,3486611.96
2026-01-31T00:00:00Z,117.5400,118.5600,117.3100,118.2900,1674373.46
2026-01-31T04:00:00Z,118.3000,118.7700,117.1000,117.2900,1950465.48
2026-01-31T08:00:00Z,117.3000,117.4600,112.6700,115.9600,4805258.92
2026-01-31T12:00:00Z,115.9700,116.1200,108.1500,108.5700,11448607.15
2026-01-31T16:00:00Z,108.5800,109.7300,95.5000,101.6500,23240643.91
2026-01-31T20:00:00Z,101.6500,106.4000,100.2600,105.4500,7297173.89
2026-02-01T00:00:00Z,105.4400,106.2800,104.1000,104.8700,3246833.08
2026-02-01T04:00:00Z,104.8800,105.9700,103.8700,105.1400,3177444.08
2026-02-01T08:00:00Z,105.1400,105.9900,103.4400,104.9900,3843243.49
2026-02-01T12:00:00Z,104.9900,106.6700,100.1400,101.6100,9559645.85
2026-02-01T16:00:00Z,101.6200,104.1600,100.8500,101.8800,5286943.40
2026-02-01T20:00:00Z,101.8700,102.8100,97.9500,100.7300,9140147.34
2026-02-02T00:00:00Z,100.7300,103.0900,95.8300,100.0000,10831443.23
2026-02-02T04:00:00Z,100.0100,102.3900,97.0000,101.3800,10277277.33
2026-02-02T08:00:00Z,101.3900,103.3900,101.3300,102.7300,3980110.63
2026-02-02T12:00:00Z,102.7300,106.0600,102.2900,104.6300,7292280.47
2026-02-02T16:00:00Z,104.6200,105.7100,103.4300,103.8300,3934317.90
2026-02-02T20:00:00Z,103.8300,105.1300,103.2500,104.4800,2253191.37
2026-02-03T00:00:00Z,104.4700,104.6000,102.0800,104.1000,3576859.81
2026-02-03T04:00:00Z,104.0900,105.0600,102.8800,104.6200,2474669.88
2026-02-03T08:00:00Z,104.6200,104.9500,102.3800,102.9200,3576985.70
2026-02-03T12:00:00Z,102.9300,103.5800,100.3000,102.5200,6574582.46
2026-02-03T16:00:00Z,102.5200,102.5200,96.6000,98.9500,11431958.89
2026-02-03T20:00:00Z,98.9400,102.1200,97.1100,97.8100,7946956.57
2026-02-04T00:00:00Z,97.8200,99.6000,97.0800,99.0400,4594136.75
2026-02-04T04:00:00Z,99.0300,99.2700,96.2000,97.8200,5049129.84
2026-02-04T08:00:00Z,97.8300,97.8800,94.5000,96.0300,7729510.79
2026-02-04T12:00:00Z,96.0400,96.6900,91.1900,92.6900,12616996.81
2026-02-04T16:00:00Z,92.6900,94.6700,89.9200,94.3200,15843926.10
2026-02-04T20:00:00Z,94.3200,94.4600,89.1900,92.0700,8919150.41
2026-02-05T00:00:00Z,92.0700,92.8800,90.1300,91.1000,7028464.12
2026-02-05T04:00:00Z,91.1000,92.0700,89.6200,90.5000,9054893.81
2026-02-05T08:00:00Z,90.5100,93.4000,88.6100,89.9200,8731403.65
2026-02-05T12:00:00Z,89.9300,91.4300,83.3600,84.5500,20177630.37
2026-02-05T16:00:00Z,84.5500,86.1800,81.1200,81.6300,17770790.22
2026-02-05T20:00:00Z,81.6300,82.2600,77.4900,78.2900,22624466.74
2026-02-06T00:00:00Z,78.2900,80.2200,67.2900,76.6600,31665738.90
2026-02-06T04:00:00Z,76.6600,81.5600,76.1600,79.5000,10485097.22
2026-02-06T08:00:00Z,79.4900,81.9800,78.5500,81.2600,8413183.73
2026-02-06T12:00:00Z,81.2500,85.1400,80.7200,84.4000,13954134.62
2026-02-06T16:00:00Z,84.3900,88.5900,83.5000,86.9700,13023717.42
2026-02-06T20:00:00Z,86.9700,89.7400,86.4800,87.4200,6435320.16
2026-02-07T00:00:00Z,87.4100,88.3100,85.8400,88.0100,4843477.11
2026-02-07T04:00:00Z,88.0100,88.9700,84.1500,85.2400,7914035.26
2026-02-07T08:00:00Z,85.2400,85.6700,84.4400,84.8500,3965658.11
2026-02-07T12:00:00Z,84.8500,87.1500,84.7800,86.5200,5615210.04
2026-02-07T16:00:00Z,86.5100,89.1500,86.1100,88.2200,9153597.42
2026-02-07T20:00:00Z,88.2100,89.1300,86.8000,87.5100,2525245.10
2026-02-08T00:00:00Z,87.5200,88.1500,86.6300,86.7400,2059153.19
2026-02-08T04:00:00Z,86.7400,87.4800,86.5300,87.3200,1577582.13
2026-02-08T08:00:00Z,87.3200,88.9300,86.3400,88.1600,4817624.48
2026-02-08T12:00:00Z,88.1700,88.8200,87.2600,87.7100,3940268.22
2026-02-08T16:00:00Z,87.7100,88.5700,85.6800,88.3400,4391980.22
2026-02-08T20:00:00Z,88.3400,89.0900,86.0000,86.9200,4936326.93
2026-02-09T00:00:00Z,86.9100,87.9300,85.6600,87.6200,4446683.82
2026-02-09T04:00:00Z,87.6100,87.6700,85.1200,85.4300,3358028.90
2026-02-09T08:00:00Z,85.4300,85.5700,82.8200,83.4300,5733482.30
2026-02-09T12:00:00Z,83.4400,85.7700,83.3900,85.2300,6196076.03
2026-02-09T16:00:00Z,85.2300,88.6600,84.7500,87.9000,7204040.75
2026-02-09T20:00:00Z,87.8900,88.2800,86.4500,86.7100,2557354.37
2026-02-10T00:00:00Z,86.7100,87.4400,85.2000,85.8000,2654563.28
2026-02-10T04:00:00Z,85.8000,86.6200,84.2600,84.5900,3561389.21
2026-02-10T08:00:00Z,84.5800,85.0300,83.6900,83.7900,3396834.32
2026-02-10T12:00:00Z,83.7800,85.1800,83.1400,84.2400,6516942.05
2026-02-10T16:00:00Z,84.2400,85.1000,82.3900,83.0500,4720897.75
2026-02-10T20:00:00Z,83.0400,83.1900,81.8400,82.9500,2803151.54
2026-02-11T00:00:00Z,82.9600,84.3400,82.5300,83.2800,2800827.99
2026-02-11T04:00:00Z,83.2700,83.4900,80.2300,80.9600,5587017.87
2026-02-11T08:00:00Z,80.9500,81.4400,80.3300,81.2100,3501710.62
2026-02-11T12:00:00Z,81.2000,83.1300,78.5200,79.6500,10873699.24
2026-02-11T16:00:00Z,79.6600,80.8800,77.9200,79.6700,6920324.89
2026-02-11T20:00:00Z,79.6600,81.0800,78.5900,79.2500,3945032.10
2026-02-12T00:00:00Z,79.2400,80.7400,79.2200,80.5600,2256033.21
2026-02-12T04:00:00Z,80.5600,80.9600,79.3700,80.7200,2990007.35
2026-02-12T08:00:00Z,80.7200,82.1900,80.2600,81.8000,3775519.50
2026-02-12T12:00:00Z,81.7900,82.0700,80.0300,80.0600,5618986.46
2026-02-12T16:00:00Z,80.0600,80.1700,76.9000,77.5700,9784321.88
2026-02-12T20:00:00Z,77.5700,78.4800,76.5400,78.3700,4102808.34
2026-02-13T00:00:00Z,78.3700,79.4400,77.4900,79.0000,3032968.16
2026-02-13T04:00:00Z,79.0100,79.2300,77.7900,78.9300,2708482.29
2026-02-13T08:00:00Z,78.9300,80.5800,78.8000,80.2600,3767128.54
2026-02-13T12:00:00Z,80.2600,84.3000,79.6800,83.1600,8373552.78
2026-02-13T16:00:00Z,83.1600,85.5900,82.8700,84.6000,6180372.00
2026-02-13T20:00:00Z,84.6000,85.1600,84.0400,84.2900,2522316.91
2026-02-14T00:00:00Z,84.2800,85.2500,84.1700,85.0000,1753248.60
2026-02-14T04:00:00Z,85.0000,85.2200,84.2800,85.1200,1308740.73
2026-02-14T08:00:00Z,85.1300,87.2800,85.1000,87.2200,4347272.86
2026-02-14T12:00:00Z,87.2200,87.6500,85.9700,87.3800,4268942.68
2026-02-14T16:00:00Z,87.3900,88.4200,86.9600,88.1300,3596222.17
2026-02-14T20:00:00Z,88.1400,88.8500,87.2200,88.0200,3033711.84
2026-02-15T00:00:00Z,88.0100,88.7600,87.3100,88.5600,3124405.81
2026-02-15T04:00:00Z,88.5600,90.9600,88.3200,90.6800,5422413.25
2026-02-15T08:00:00Z,90.6800,91.1900,88.9500,89.1300,4214675.46
2026-02-15T12:00:00Z,89.1200,89.5900,86.6100,87.3600,6582668.03
2026-02-15T16:00:00Z,87.3600,87.8500,85.1400,85.2900,5687075.91
2026-02-15T20:00:00Z,85.2800,86.6300,84.8300,86.0900,3367147.22
2026-02-16T00:00:00Z,86.0900,86.5900,84.7100,85.1100,2821093.01
2026-02-16T04:00:00Z,85.1000,85.8600,84.4000,85.0100,2554024.87
2026-02-16T08:00:00Z,85.0200,86.2000,84.4000,85.4600,3137510.27
2026-02-16T12:00:00Z,85.4600,86.8800,82.5100,83.1600,9239381.06
2026-02-16T16:00:00Z,83.1600,85.1100,83.0500,84.5700,4272702.76
2026-02-16T20:00:00Z,84.5700,86.6100,84.4400,86.3900,2904583.98
2026-02-17T00:00:00Z,86.3900,87.6600,85.7200,86.3100,3549404.07
2026-02-17T04:00:00Z,86.3100,86.7600,85.3800,86.4200,2351754.98
2026-02-17T08:00:00Z,86.4200,86.7100,84.6700,85.0400,2770034.36
2026-02-17T12:00:00Z,85.0500,85.5300,82.8600,83.7600,7122014.65
2026-02-17T16:00:00Z,83.7500,85.7200,83.0800,84.8000,5470260.94
2026-02-17T20:00:00Z,84.8000,85.3900,84.4700,85.0200,1878253.32
2026-02-18T00:00:00Z,85.0200,85.4400,83.8700,85.2700,1989318.80
2026-02-18T04:00:00Z,85.2700,85.5000,84.6300,85.2200,1362968.11
2026-02-18T08:00:00Z,85.2200,86.0400,82.7400,82.8000,4449134.95
2026-02-18T12:00:00Z,82.7900,83.9700,81.6200,82.9500,6741558.03
2026-02-18T16:00:00Z,82.9600,83.0400,80.3700,80.8700,5570899.99
2026-02-18T20:00:00Z,80.8700,81.5900,80.7900,81.5500,2127847.42
2026-02-19T00:00:00Z,81.5400,82.0200,81.1800,81.7100,1573170.08
2026-02-19T04:00:00Z,81.7200,82.6300,81.3200,82.3400,2098413.60
2026-02-19T08:00:00Z,82.3400,82.3500,80.8600,81.2000,2862684.75
2026-02-19T12:00:00Z,81.2000,81.2900,79.5700,80.5900,6042365.42
2026-02-19T16:00:00Z,80.5800,82.1900,79.8600,81.9000,4945970.42
2026-02-19T20:00:00Z,81.9000,82.5200,81.6300,82.4600,1862285.45
2026-02-20T00:00:00Z,82.4600,83.5000,82.2700,82.9700,2604325.21
2026-02-20T04:00:00Z,82.9800,83.8800,82.3200,83.3800,2666605.59
2026-02-20T08:00:00Z,83.3900,84.8100,83.2400,83.5200,3766215.58
2026-02-20T12:00:00Z,83.5300,84.7600,81.7100,84.3300,8602945.37
2026-02-20T16:00:00Z,84.3200,85.4400,82.7500,84.7200,6954020.41
2026-02-20T20:00:00Z,84.7100,85.1900,84.0600,84.6200,1855567.10
2026-02-21T00:00:00Z,84.6200,84.9800,84.1600,84.2900,1286212.54
2026-02-21T04:00:00Z,84.3000,84.7400,83.9100,84.1800,1368845.50
2026-02-21T08:00:00Z,84.1700,85.6700,84.1400,85.3500,1972790.08
2026-02-21T12:00:00Z,85.3500,86.6800,84.9600,86.5200,3331316.13
2026-02-21T16:00:00Z,86.5200,86.6700,85.7700,86.1700,2492266.93
2026-02-21T20:00:00Z,86.1600,86.1700,85.0700,85.1200,2017123.80
2026-02-22T00:00:00Z,85.1200,85.5600,84.6200,85.0300,1994395.73
2026-02-22T04:00:00Z,85.0300,85.5000,84.7300,85.1900,1316045.91
2026-02-22T08:00:00Z,85.1900,85.4300,84.8100,85.2000,1094982.09
2026-02-22T12:00:00Z,85.2000,85.2600,82.9400,83.4400,4846636.90
2026-02-22T16:00:00Z,83.4400,83.5800,82.7600,83.2500,1853451.66
2026-02-22T20:00:00Z,83.2400,83.6600,82.4300,82.7500,2401527.95
2026-02-23T00:00:00Z,82.7500,82.8100,77.1600,77.5700,11051891.02
2026-02-23T04:00:00Z,77.5800,79.6300,77.0600,79.3200,5425259.45
2026-02-23T08:00:00Z,79.3200,80.6300,78.4400,79.9900,4954704.34
2026-02-23T12:00:00Z,79.9900,81.0600,79.1500,79.3500,6887799.96
2026-02-23T16:00:00Z,79.3600,79.7600,77.2100,78.2500,7176705.79
2026-02-23T20:00:00Z,78.2400,78.8700,77.5700,77.8700,3039964.98
2026-02-24T00:00:00Z,77.8600,78.4900,75.6800,76.8400,6229225.65
2026-02-24T04:00:00Z,76.8400,77.2900,76.0600,76.7900,3752276.14
2026-02-24T08:00:00Z,76.8000,77.1500,75.8700,76.7100,2491443.65
2026-02-24T12:00:00Z,76.7100,77.4500,75.5700,77.2500,5673151.03
2026-02-24T16:00:00Z,77.2600,78.4700,77.1700,78.3200,4203737.60
2026-02-24T20:00:00Z,78.3300,79.5600,78.0600,78.9100,3183557.23
2026-02-25T00:00:00Z,78.9200,82.9700,78.6600,81.7200,7854345.96
2026-02-25T04:00:00Z,81.7100,82.4100,80.9300,82.1300,4471574.82
2026-02-25T08:00:00Z,82.1400,83.3800,81.8800,83.3300,3728464.32
2026-02-25T12:00:00Z,83.3400,86.4300,82.8500,85.9200,9124959.82
2026-02-25T16:00:00Z,85.9200,89.6000,85.9200,89.3900,8931033.88
2026-02-25T20:00:00Z,89.4000,92.0900,87.0500,88.0100,8328907.78
2026-02-26T00:00:00Z,88.0100,89.2200,87.5100,87.9100,4074760.39
2026-02-26T04:00:00Z,87.9100,89.0000,87.1700,87.2100,3056489.54
2026-02-26T08:00:00Z,87.2100,88.6400,86.5300,86.7600,3978906.52
2026-02-26T12:00:00Z,86.7600,88.2200,85.2200,86.5200,6307232.74
2026-02-26T16:00:00Z,86.5200,86.7100,84.2500,86.4100,6859220.34
2026-02-26T20:00:00Z,86.4200,86.8300,85.6800,85.8600,1834156.79
2026-02-27T00:00:00Z,85.8600,87.7700,85.1400,87.5700,3216450.86
2026-02-27T04:00:00Z,87.5700,88.2600,86.7400,87.2600,3368454.52
2026-02-27T08:00:00Z,87.2700,87.8800,83.2700,83.5300,5632666.89
2026-02-27T12:00:00Z,83.5200,83.7100,81.8900,82.6400,7873812.60
2026-02-27T16:00:00Z,82.6300,82.6400,81.0500,81.5200,4894416.71
2026-02-27T20:00:00Z,81.5200,82.0700,80.2600,81.8000,3611915.71
2026-02-28T00:00:00Z,81.8000,82.2200,81.4700,81.6900,1761080.21
2026-02-28T04:00:00Z,81.6800,81.8500,77.0600,78.6300,9914305.46
2026-02-28T08:00:00Z,78.6400,79.5300,77.6700,78.7100,4882408.09
2026-02-28T12:00:00Z,78.7100,81.4600,78.5500,80.8700,7771247.18
2026-02-28T16:00:00Z,80.8600,82.8700,80.4300,82.1500,5133728.34
2026-02-28T20:00:00Z,82.1500,85.6300,81.9000,84.2900,6154779.25
2026-03-01T00:00:00Z,84.2900,88.8800,84.2200,87.9800,7335640.41
2026-03-01T04:00:00Z,87.9900,88.2300,86.1100,86.5800,4211304.57
2026-03-01T08:00:00Z,86.5900,86.7900,84.6700,85.1300,4091672.67
2026-03-01T12:00:00Z,85.1300,86.9500,84.4600,85.6100,5446604.14
2026-03-01T16:00:00Z,85.6100,86.0500,82.9800,83.1900,6583085.77
2026-03-01T20:00:00Z,83.1900,84.1700,81.6400,83.5500,5679845.57
2026-03-02T00:00:00Z,83.5500,86.1400,83.4100,84.7400,4686035.96
2026-03-02T04:00:00Z,84.7300,84.8000,82.3200,82.9000,3384587.71
2026-03-02T08:00:00Z,82.9000,84.2800,82.3000,83.8500,4145138.61
2026-03-02T12:00:00Z,83.8400,88.9600,82.7200,88.7400,10879408.65
2026-03-02T16:00:00Z,88.7400,90.3200,86.3600,87.6200,9129358.26
2026-03-02T20:00:00Z,87.6100,88.1900,86.2700,86.5900,4005632.44
2026-03-03T00:00:00Z,86.5900,87.2800,85.1600,86.2300,3411596.85
2026-03-03T04:00:00Z,86.2300,86.7700,85.3300,85.5300,3426435.04
2026-03-03T08:00:00Z,85.5200,85.7300,83.6300,84.1500,6231376.30
2026-03-03T12:00:00Z,84.1500,85.3200,82.4000,84.9800,8148984.00
2026-03-03T16:00:00Z,84.9700,87.3100,84.1000,85.0400,8481978.98
2026-03-03T20:00:00Z,85.0400,87.4300,84.1300,86.9200,3932866.74
2026-03-04T00:00:00Z,86.9100,88.0600,85.1200,85.7100,4871235.67
2026-03-04T04:00:00Z,85.7100,87.4900,84.7500,87.3800,4333285.07
2026-03-04T08:00:00Z,87.3800,91.4800,86.9400,89.7300,10541381.63
2026-03-04T12:00:00Z,89.7400,93.1200,88.6600,92.8800,9967344.82
2026-03-04T16:00:00Z,92.8900,94.1500,90.5700,93.1400,7551773.36
2026-03-04T20:00:00Z,93.1300,93.7300,90.2400,90.8200,4483545.10
2026-03-05T00:00:00Z,90.8100,91.3800,89.5500,89.9800,3750862.71
2026-03-05T04:00:00Z,89.9800,91.2500,89.6300,90.1100,3310283.22
2026-03-05T08:00:00Z,90.1000,92.9100,89.6100,91.7600,5085141.57
2026-03-05T12:00:00Z,91.7700,92.1500,88.7600,89.5600,7503613.72
2026-03-05T16:00:00Z,89.5600,89.5800,87.8400,88.6800,5771234.42
2026-03-05T20:00:00Z,88.6900,89.8100,88.5000,88.7400,2776980.96
2026-03-06T00:00:00Z,88.7400,89.2600,87.9500,88.3600,3134663.10
2026-03-06T04:00:00Z,88.3500,88.8700,87.4500,88.6400,3042623.11
2026-03-06T08:00:00Z,88.6400,88.6400,87.0500,87.2100,3144705.13
2026-03-06T12:00:00Z,87.2100,87.2300,83.8900,84.5700,9892245.80
2026-03-06T16:00:00Z,84.5700,85.8300,83.5200,85.1400,4839782.08
2026-03-06T20:00:00Z,85.1400,85.4100,84.3900,84.6400,2041986.18
2026-03-07T00:00:00Z,84.6500,85.0300,84.2400,84.4700,1528924.17
2026-03-07T04:00:00Z,84.4800,84.5100,83.8200,84.2700,1928731.56
2026-03-07T08:00:00Z,84.2700,84.8700,84.0700,84.6100,1713466.00
2026-03-07T12:00:00Z,84.6000,84.7300,83.2600,83.6900,2679700.79
2026-03-07T16:00:00Z,83.6900,84.0300,82.2200,82.4700,2897884.22
2026-03-07T20:00:00Z,82.4700,83.2800,82.4600,83.1700,1486526.87
2026-03-08T00:00:00Z,83.1700,83.4400,82.0300,82.2700,2366049.17
2026-03-08T04:00:00Z,82.2800,83.0600,81.6700,82.9000,2301372.75
2026-03-08T08:00:00Z,82.8900,84.0700,82.4300,82.7400,3286028.76
2026-03-08T12:00:00Z,82.7500,82.9500,81.1100,81.9900,4757695.64
2026-03-08T16:00:00Z,81.9900,82.6200,81.2300,82.4400,2801698.87
2026-03-08T20:00:00Z,82.4300,82.9300,80.1800,81.5600,5200998.48
2026-03-09T00:00:00Z,81.5700,84.4700,81.5000,83.1000,5441220.53
2026-03-09T04:00:00Z,83.1000,84.5800,82.2500,83.1200,4201069.91
2026-03-09T08:00:00Z,83.1200,84.5600,82.8700,83.5200,3402380.07
2026-03-09T12:00:00Z,83.5200,85.7100,83.3400,85.0100,6127073.79
2026-03-09T16:00:00Z,85.0000,87.0000,84.2700,85.9200,6169798.19
2026-03-09T20:00:00Z,85.9300,86.3200,84.7800,84.9100,3103547.62
2026-03-10T00:00:00Z,84.9100,86.8600,84.7900,85.5200,3890709.12
2026-03-10T04:00:00Z,85.5100,86.9600,85.3400,86.6600,3267384.94
2026-03-10T08:00:00Z,86.6700,87.6500,86.5200,86.7500,3891353.35
2026-03-10T12:00:00Z,86.7500,88.5800,84.8600,88.3100,7807989.26
2026-03-10T16:00:00Z,88.3100,88.7800,85.5900,85.9700,6140314.29
2026-03-10T20:00:00Z,85.9600,86.3900,84.9500,85.8300,2987442.63
2026-03-11T00:00:00Z,85.8200,86.2200,85.4300,85.5600,2213504.29
2026-03-11T04:00:00Z,85.5700,86.8300,85.0700,85.3900,3375703.19
2026-03-11T08:00:00Z,85.3900,85.5700,84.3000,84.5100,3405612.16
2026-03-11T12:00:00Z,84.5000,87.3500,84.3000,85.3700,8670732.42
2026-03-11T16:00:00Z,85.3700,88.0600,85.2400,87.2500,6211801.78
2026-03-11T20:00:00Z,87.2500,87.9000,86.4000,86.5200,2038845.85
2026-03-12T00:00:00Z,86.5200,86.7300,84.6300,84.9400,3349488.19
2026-03-12T04:00:00Z,84.9400,85.8600,84.8200,85.7700,2599595.89
2026-03-12T08:00:00Z,85.7700,87.1000,85.3400,86.7500,3860585.36
2026-03-12T12:00:00Z,86.7500,87.6600,85.0300,86.5300,7832956.89
2026-03-12T16:00:00Z,86.5200,87.0500,85.6100,86.7500,4065214.51
2026-03-12T20:00:00Z,86.7500,87.1800,85.9000,86.8000,2236963.15
2026-03-13T00:00:00Z,86.7900,91.1500,86.6600,89.6600,8805412.57
2026-03-13T04:00:00Z,89.6600,89.7100,88.1000,88.6200,3160797.69
2026-03-13T08:00:00Z,88.6200,90.4100,88.2700,90.2700,4005113.94
2026-03-13T12:00:00Z,90.2700,93.3800,89.2400,89.4200,10772664.73
2026-03-13T16:00:00Z,89.4300,90.1400,88.3000,88.8600,5432150.03
2026-03-13T20:00:00Z,88.8600,89.0900,87.6800,88.1200,2539029.62
2026-03-14T00:00:00Z,88.1100,88.5700,87.7500,88.3500,1616075.56
2026-03-14T04:00:00Z,88.3500,88.6600,86.8700,87.2700,2498143.07
2026-03-14T08:00:00Z,87.2700,87.5100,86.4100,86.9000,2082418.59
2026-03-14T12:00:00Z,86.9000,87.3100,86.5700,86.6700,1788421.65
2026-03-14T16:00:00Z,86.6700,87.0700,86.5700,86.9500,971053.29
2026-03-14T20:00:00Z,86.9600,88.1200,86.8000,87.9900,1516556.49
2026-03-15T00:00:00Z,88.0000,88.5900,87.5100,87.7900,2212422.48
2026-03-15T04:00:00Z,87.8000,88.5900,87.7900,88.1700,1808932.59
2026-03-15T08:00:00Z,88.1800,88.8300,88.0900,88.5100,1523388.82
2026-03-15T12:00:00Z,88.5100,88.5200,87.3100,87.8600,2275311.40
2026-03-15T16:00:00Z,87.8600,88.7700,87.4100,88.1400,2127431.39
2026-03-15T20:00:00Z,88.1300,93.2300,87.9200,92.2800,7798108.48
2026-03-16T00:00:00Z,92.2800,93.9700,91.1500,93.1400,5897670.94
2026-03-16T04:00:00Z,93.1400,94.3300,92.9100,93.5400,5420926.47
2026-03-16T08:00:00Z,93.5400,93.9900,92.5400,93.7100,3254920.26
2026-03-16T12:00:00Z,93.7100,95.0800,92.3200,93.1400,8050847.36
2026-03-16T16:00:00Z,93.1300,95.4500,93.0700,95.1800,4266034.55
2026-03-16T20:00:00Z,95.1700,97.6500,95.0200,96.1400,4943695.20
2026-03-17T00:00:00Z,96.1400,96.9100,93.6600,94.0200,4629523.62
2026-03-17T04:00:00Z,94.0200,94.6000,93.1100,94.3800,3048647.24
2026-03-17T08:00:00Z,94.3800,95.0500,93.2000,93.5900,3261144.91
2026-03-17T12:00:00Z,93.5900,95.1000,93.1000,93.7600,4850980.64
2026-03-17T16:00:00Z,93.7700,95.6000,93.6600,94.6000,3404592.46
2026-03-17T20:00:00Z,94.5900,95.5700,94.3500,94.5700,2298393.17
2026-03-18T00:00:00Z,94.5700,95.6300,94.0400,94.9900,2177485.77
2026-03-18T04:00:00Z,95.0000,95.0700,93.6600,93.8900,2670373.54
2026-03-18T08:00:00Z,93.8900,94.3800,91.7500,91.9500,4417160.69
2026-03-18T12:00:00Z,91.9600,92.0000,88.5100,89.3100,9234260.32
2026-03-18T16:00:00Z,89.3100,90.8100,88.5700,89.6500,4802729.50
2026-03-18T20:00:00Z,89.6600,90.5800,88.9200,90.0200,2337250.53
2026-03-19T00:00:00Z,90.0200,91.3700,89.7300,90.6900,2859529.73
2026-03-19T04:00:00Z,90.6900,90.6900,88.5700,89.3700,4996866.37
2026-03-19T08:00:00Z,89.3700,90.4600,89.0400,89.5800,3013879.26
2026-03-19T12:00:00Z,89.5900,89.5900,87.1000,87.5800,7280458.66
2026-03-19T16:00:00Z,87.5700,89.2200,86.7900,88.6800,4137478.47
2026-03-19T20:00:00Z,88.6700,89.2800,88.3100,88.8400,1768092.20
2026-03-20T00:00:00Z,88.8400,89.7600,88.8000,89.5300,2011403.01
2026-03-20T04:00:00Z,89.5300,89.7200,88.4400,89.3100,2433025.94
2026-03-20T08:00:00Z,89.3200,90.4300,88.5400,89.0800,3295908.22
2026-03-20T12:00:00Z,89.0800,89.7000,88.4300,88.9000,4301101.95
2026-03-20T16:00:00Z,88.9000,89.1800,88.0700,88.9500,2601050.96
2026-03-20T20:00:00Z,88.9500,90.2200,88.6000,89.8000,2280718.24
2026-03-21T00:00:00Z,89.8100,90.6800,89.6800,90.4100,1581131.44
2026-03-21T04:00:00Z,90.4100,90.7800,89.8800,90.1000,1641642.13
2026-03-21T08:00:00Z,90.1000,90.3500,89.7600,89.9100,1131573.55
2026-03-21T12:00:00Z,89.9000,90.3600,89.3100,89.7800,1763597.87
2026-03-21T16:00:00Z,89.7700,89.9500,89.3000,89.7300,1072725.60
2026-03-21T20:00:00Z,89.7400,90.3600,87.0000,87.5000,2944227.55
2026-03-22T00:00:00Z,87.5000,89.1100,86.1800,88.6100,5679979.94
2026-03-22T04:00:00Z,88.6000,89.1400,87.6100,87.6500,2236351.70
2026-03-22T08:00:00Z,87.6500,87.6900,86.7700,86.7900,2614439.33
2026-03-22T12:00:00Z,86.7900,87.6800,86.7500,87.5300,1876447.48
2026-03-22T16:00:00Z,87.5300,87.6600,86.4000,86.8300,1827160.32
2026-03-22T20:00:00Z,86.8300,87.1500,85.0400,86.1500,4150590.51
2026-03-23T00:00:00Z,86.1500,87.1900,85.3700,86.3700,2681832.72
2026-03-23T04:00:00Z,86.3700,87.3200,85.0000,85.9400,3972733.01
2026-03-23T08:00:00Z,85.9400,91.9300,85.1200,88.7400,11439559.48
2026-03-23T12:00:00Z,88.7400,92.2400,88.2800,89.9100,9460536.67
2026-03-23T16:00:00Z,89.9000,91.8600,89.3500,91.3400,5264775.91
2026-03-23T20:00:00Z,91.3400,92.0000,90.9300,91.4000,2272648.15
2026-03-24T00:00:00Z,91.4000,91.6300,89.9100,90.2900,2538790.50
2026-03-24T04:00:00Z,90.3000,91.8600,89.9300,91.6700,3009246.21
2026-03-24T08:00:00Z,91.6800,92.2000,91.0800,91.7100,4280579.60
2026-03-24T12:00:00Z,91.7100,91.8100,88.6200,89.6700,8354987.32
2026-03-24T16:00:00Z,89.6800,89.9200,88.3500,88.4600,3930082.32
2026-03-24T20:00:00Z,88.4600,91.1000,88.4300,90.7500,3717362.50
2026-03-25T00:00:00Z,90.7600,91.9000,90.6700,91.6600,2985916.88
2026-03-25T04:00:00Z,91.6600,92.9500,91.5400,91.7700,3590844.09
2026-03-25T08:00:00Z,91.7800,93.4600,91.7800,92.9400,3504842.10
2026-03-25T12:00:00Z,92.9500,93.4000,90.9600,91.7200,5069630.67
2026-03-25T16:00:00Z,91.7200,92.7200,91.3500,91.7200,2745186.59
2026-03-25T20:00:00Z,91.7200,91.9000,90.9800,91.6500,2117863.23
2026-03-26T00:00:00Z,91.6500,91.9200,90.5300,91.0100,2260359.19
2026-03-26T04:00:00Z,91.0200,91.0200,88.7200,89.0400,5068638.05
2026-03-26T08:00:00Z,89.0300,89.0400,87.3700,87.5100,4087369.76
2026-03-26T12:00:00Z,87.5100,88.1900,86.6600,87.4700,5515733.08
2026-03-26T16:00:00Z,87.4700,87.6800,85.3700,85.4100,5076776.75
2026-03-26T20:00:00Z,85.4100,87.1300,85.3700,86.4700,4476666.76
2026-03-27T00:00:00Z,86.4700,86.9900,86.1100,86.3600,1584143.06
2026-03-27T04:00:00Z,86.3700,86.7300,85.6300,85.8600,2823878.62
2026-03-27T08:00:00Z,85.8700,86.0700,82.5500,83.3000,7944973.09
2026-03-27T12:00:00Z,83.3100,83.9400,82.3400,83.2400,6010891.85
2026-03-27T16:00:00Z,83.2500,83.3600,81.7600,82.7300,4496891.23
2026-03-27T20:00:00Z,82.7300,83.0600,82.3000,83.0300,1358281.32
2026-03-28T00:00:00Z,83.0300,83.0300,82.1900,82.5400,1458604.47
2026-03-28T04:00:00Z,82.5400,83.6100,82.3100,83.5400,2237121.12
2026-03-28T08:00:00Z,83.5500,83.6700,82.6500,82.8900,2030365.20
2026-03-28T12:00:00Z,82.8900,84.3500,82.5300,83.7500,4967176.20
2026-03-28T16:00:00Z,83.7500,83.8900,82.9500,83.2200,1578553.14
2026-03-28T20:00:00Z,83.2200,83.4500,81.6000,82.0000,2566256.95
2026-03-29T00:00:00Z,82.0100,83.1900,81.7900,82.9300,2063936.37
2026-03-29T04:00:00Z,82.9300,82.9700,82.1600,82.3800,1486302.40
2026-03-29T08:00:00Z,82.3900,82.7900,81.9200,82.5200,1766892.01
2026-03-29T12:00:00Z,82.5200,82.5900,81.2100,81.7600,3019457.45
2026-03-29T16:00:00Z,81.7500,82.0800,81.0600,81.5600,2442035.13
2026-03-29T20:00:00Z,81.5500,82.1800,78.7700,81.3400,5939297.10
2026-03-30T00:00:00Z,81.3400,83.9100,81.0600,83.2400,4992347.34
2026-03-30T04:00:00Z,83.2400,84.2500,83.2000,83.9800,3374117.13
2026-03-30T08:00:00Z,83.9800,84.9800,83.4500,84.2100,4025076.62
2026-03-30T12:00:00Z,84.2100,84.9500,83.6000,84.4500,4852735.58
2026-03-30T16:00:00Z,84.4500,84.4900,81.9000,82.3200,4986637.07
2026-03-30T20:00:00Z,82.3200,83.6600,82.0800,82.5100,3241937.44
2026-03-31T00:00:00Z,82.5100,84.6000,82.0900,83.5700,3815709.15
2026-03-31T04:00:00Z,83.5700,83.8800,82.6400,83.0500,2936271.69
2026-03-31T08:00:00Z,83.0600,83.3200,79.8900,80.7800,8456678.49
2026-03-31T12:00:00Z,80.7900,82.5500,80.3300,80.8300,8081609.74
2026-03-31T16:00:00Z,80.8300,83.4500,80.8200,82.6700,5914382.77
2026-03-31T20:00:00Z,82.6700,83.3700,82.2700,83.1500,2213296.86
2026-04-01T00:00:00Z,83.1600,83.5800,82.4100,83.3900,2410040.03
2026-04-01T04:00:00Z,83.3800,84.7000,83.2100,83.8000,4065004.60
2026-04-01T08:00:00Z,83.8000,84.0300,83.0100,83.3100,2778092.63
2026-04-01T12:00:00Z,83.3000,83.8500,82.3300,83.5800,4835981.19
2026-04-01T16:00:00Z,83.5800,86.5900,82.9000,83.7900,10030911.33
2026-04-01T20:00:00Z,83.8000,83.8500,80.7200,81.1400,6279552.04
2026-04-02T00:00:00Z,81.1400,81.7200,78.2200,78.9400,9284031.12
2026-04-02T04:00:00Z,78.9400,79.6300,78.5500,79.5900,3956307.30
2026-04-02T08:00:00Z,79.5900,79.5900,78.1100,78.2700,3083889.85
2026-04-02T12:00:00Z,78.2800,79.6700,76.6300,79.0100,9649382.39
2026-04-02T16:00:00Z,79.0100,79.8600,78.3800,78.9500,4125067.09
2026-04-02T20:00:00Z,78.9500,79.3300,78.5800,78.9100,1484786.75
2026-04-03T00:00:00Z,78.9100,79.7700,78.8000,78.9700,2723040.86
2026-04-03T04:00:00Z,78.9600,80.1500,78.9500,79.9000,2473416.10
2026-04-03T08:00:00Z,79.9000,80.4300,79.5800,80.1300,2723274.96
2026-04-03T12:00:00Z,80.1200,80.9000,79.1100,80.3000,4200740.59
2026-04-03T16:00:00Z,80.3000,80.6400,79.8200,80.1600,2052649.37
2026-04-03T20:00:00Z,80.1600,80.6500,79.9000,80.3500,1407976.70
2026-04-04T00:00:00Z,80.3500,80.3700,79.9700,80.1300,903388.41
2026-04-04T04:00:00Z,80.1200,80.5000,80.0600,80.2700,769081.09
2026-04-04T08:00:00Z,80.2600,80.3500,79.8500,80.1400,1131608.96
2026-04-04T12:00:00Z,80.1500,81.6400,79.5300,81.0500,4332897.48
2026-04-04T16:00:00Z,81.0500,81.3000,80.5600,80.8000,3042087.11
2026-04-04T20:00:00Z,80.8000,81.0200,80.5600,80.7900,1195464.20
2026-04-05T00:00:00Z,80.7900,80.8100,80.2800,80.5100,1139353.32
2026-04-05T04:00:00Z,80.5000,80.5200,79.3000,79.5500,2838786.13
2026-04-05T08:00:00Z,79.5400,80.2000,79.4700,79.8600,1422883.48
2026-04-05T12:00:00Z,79.8700,80.3100,78.4500,79.5500,4850014.74
2026-04-05T16:00:00Z,79.5600,80.1900,79.3200,79.7700,1818243.39
2026-04-05T20:00:00Z,79.7700,82.1100,79.0400,81.8500,4670153.60
2026-04-06T00:00:00Z,81.8600,82.9500,81.6200,82.0700,4889854.57
2026-04-06T04:00:00Z,82.0700,82.3700,80.9100,81.7700,3236093.22
2026-04-06T08:00:00Z,81.7600,83.1800,81.6500,82.3900,3383117.84
2026-04-06T12:00:00Z,82.4000,82.8000,81.6700,82.2400,3369846.56
2026-04-06T16:00:00Z,82.2500,82.4500,81.1300,81.8600,2795155.36
2026-04-06T20:00:00Z,81.8600,82.1000,79.5200,79.9600,3577653.65
2026-04-07T00:00:00Z,79.9600,80.1700,79.3000,79.7300,3031534.50
2026-04-07T04:00:00Z,79.7300,80.1100,79.2300,79.8100,2319424.85
2026-04-07T08:00:00Z,79.8200,80.5500,78.8300,79.1700,4682102.06
2026-04-07T12:00:00Z,79.1700,79.3400,78.3000,78.8200,4662697.35
2026-04-07T16:00:00Z,78.8200,81.8400,78.6000,81.5800,7674409.55
2026-04-07T20:00:00Z,81.5800,87.1900,81.5800,85.5400,13353036.67
2026-04-08T00:00:00Z,85.5300,85.8900,84.2300,84.5300,4318704.03
2026-04-08T04:00:00Z,84.5400,85.0100,83.8500,84.4700,3153214.30
2026-04-08T08:00:00Z,84.4800,84.9500,84.1100,84.4200,2322272.10
2026-04-08T12:00:00Z,84.4200,84.9600,82.4700,83.2900,6640589.02
2026-04-08T16:00:00Z,83.2900,84.1700,82.7400,83.1500,2961764.86
2026-04-08T20:00:00Z,83.1500,83.5800,82.1700,82.5200,2231113.84
2026-04-09T00:00:00Z,82.5200,82.6300,81.6500,81.9700,2983039.43
2026-04-09T04:00:00Z,81.9700,82.4400,81.7000,82.2300,1741483.47
2026-04-09T08:00:00Z,82.2400,82.6800,81.9800,82.1400,2369534.11
2026-04-09T12:00:00Z,82.1300,83.8900,81.3600,83.6900,5491265.13
2026-04-09T16:00:00Z,83.7000,84.6700,82.8700,84.1200,6453748.44
2026-04-09T20:00:00Z,84.1100,85.9300,83.1000,83.2900,4315878.52
2026-04-10T00:00:00Z,83.2900,83.7400,82.6300,82.8400,3049609.13
2026-04-10T04:00:00Z,82.8400,83.5500,82.8200,82.9200,1972065.71
2026-04-10T08:00:00Z,82.9300,83.7300,82.6600,83.4800,3010837.96
2026-04-10T12:00:00Z,83.4900,85.5700,83.3100,84.2000,5889249.07
2026-04-10T16:00:00Z,84.2000,85.4400,84.0800,85.4100,2677034.89
2026-04-10T20:00:00Z,85.4100,85.6600,84.6000,84.7800,1758539.61
2026-04-11T00:00:00Z,84.7800,84.8900,84.2200,84.3500,1335820.97
2026-04-11T04:00:00Z,84.3500,84.5700,83.8200,84.2300,1678167.45
2026-04-11T08:00:00Z,84.2300,84.7600,83.7500,84.1800,1980714.51
2026-04-11T12:00:00Z,84.1800,84.8400,83.7800,84.6300,1887631.79
2026-04-11T16:00:00Z,84.6200,86.2300,84.5600,85.9900,3466324.55
2026-04-11T20:00:00Z,85.9900,86.1400,84.4500,84.8900,2912798.91
2026-04-12T00:00:00Z,84.8900,84.9700,81.8300,82.2700,5797176.45
2026-04-12T04:00:00Z,82.2700,82.4400,82.0100,82.2300,1861127.40
2026-04-12T08:00:00Z,82.2400,82.3600,81.8800,82.1500,1542761.31
2026-04-12T12:00:00Z,82.1500,82.5000,81.2400,81.5500,4146838.39
2026-04-12T16:00:00Z,81.5400,82.2900,81.4800,81.9300,1658376.50
2026-04-12T20:00:00Z,81.9300,82.8600,81.2300,81.4900,3662987.05
2026-04-13T00:00:00Z,81.4800,82.4000,81.3500,81.8600,2186736.64
2026-04-13T04:00:00Z,81.8700,82.5800,81.4800,82.1200,2433251.13
2026-04-13T08:00:00Z,82.1200,82.2500,81.6100,81.8200,2245089.13
2026-04-13T12:00:00Z,81.8200,83.9500,81.7700,82.6200,7522213.94
2026-04-13T16:00:00Z,82.6200,84.2300,82.3100,84.0700,5031823.73
2026-04-13T20:00:00Z,84.0700,86.8000,83.7700,86.5000,6940322.63
2026-04-14T00:00:00Z,86.4900,86.7300,85.6500,86.0300,3694770.21
2026-04-14T04:00:00Z,86.0300,86.1700,85.4000,85.8700,2679523.80
2026-04-14T08:00:00Z,85.8600,86.5200,85.5600,85.7500,2644204.33
2026-04-14T12:00:00Z,85.7400,87.6400,85.1700,85.9200,7468217.76
2026-04-14T16:00:00Z,85.9200,86.1300,83.6600,83.9100,5373253.24
2026-04-14T20:00:00Z,83.9100,84.1100,83.2600,83.6600,2618910.79
2026-04-15T00:00:00Z,83.6600,84.0100,83.0700,83.4000,2734902.64
2026-04-15T04:00:00Z,83.4000,83.7400,82.6000,82.8800,2952441.10
2026-04-15T08:00:00Z,82.8800,83.6500,82.6800,83.5400,3143285.00
2026-04-15T12:00:00Z,83.5500,84.4700,83.1400,83.9400,4703191.30
2026-04-15T16:00:00Z,83.9500,85.8100,83.8600,85.4800,4265692.97
2026-04-15T20:00:00Z,85.4800,85.5900,84.1600,84.8500,2657611.10
2026-04-16T00:00:00Z,84.8600,85.5600,84.4200,85.2600,2123840.29
2026-04-16T04:00:00Z,85.2500,85.6100,84.9300,85.1500,1659879.25
2026-04-16T08:00:00Z,85.1600,85.4700,84.5600,85.0200,2972320.52
2026-04-16T12:00:00Z,85.0300,87.1100,83.7000,86.5700,8638956.32
2026-04-16T16:00:00Z,86.5800,90.1400,85.5800,90.0700,9673094.44
2026-04-16T20:00:00Z,90.0600,90.5800,88.6800,89.0300,4784367.66
2026-04-17T00:00:00Z,89.0200,89.1500,87.4300,87.6700,3178328.32
2026-04-17T04:00:00Z,87.6700,88.4400,87.3000,88.0900,2841488.05
2026-04-17T08:00:00Z,88.1000,89.4800,87.2600,88.1500,5431457.29
2026-04-17T12:00:00Z,88.1600,90.7100,87.8500,89.9100,10142910.04
2026-04-17T16:00:00Z,89.9100,90.5800,88.8400,89.1800,4425060.16
2026-04-17T20:00:00Z,89.1700,89.4300,88.4200,88.7100,2333233.59
2026-04-18T00:00:00Z,88.7100,89.1100,88.1700,88.2700,1478313.94
2026-04-18T04:00:00Z,88.2700,88.6000,88.1000,88.3900,1590423.57
2026-04-18T08:00:00Z,88.4000,88.4500,86.2200,86.4900,5010392.52
2026-04-18T12:00:00Z,86.4800,86.9200,86.3500,86.7000,2359503.07
2026-04-18T16:00:00Z,86.7000,86.9300,85.7100,86.0700,2700245.56
2026-04-18T20:00:00Z,86.0600,86.4200,85.8600,86.1100,1163994.66
2026-04-19T00:00:00Z,86.1000,86.3300,85.1800,85.5500,2106109.66
2026-04-19T04:00:00Z,85.5500,85.9200,84.2800,84.8200,3290617.11
2026-04-19T08:00:00Z,84.8100,85.6700,84.3800,85.5400,2635919.01
2026-04-19T12:00:00Z,85.5500,87.0800,85.4900,86.3200,5268851.24
2026-04-19T16:00:00Z,86.3100,86.4600,84.8200,85.2800,2952743.93
2026-04-19T20:00:00Z,85.2700,85.3100,82.7700,83.4100,4774513.45
2026-04-20T00:00:00Z,83.4200,84.5800,83.2700,84.5300,2530925.14
2026-04-20T04:00:00Z,84.5300,85.7400,83.7000,84.6900,3437664.85
2026-04-20T08:00:00Z,84.7000,85.3700,84.5100,85.0000,2494045.31
2026-04-20T12:00:00Z,85.0100,85.8500,84.3500,85.8200,5571629.21
2026-04-20T16:00:00Z,85.8200,86.1900,85.2100,85.7500,3377435.62
2026-04-20T20:00:00Z,85.7500,86.1800,85.1700,85.2400,1919462.05
2026-04-21T00:00:00Z,85.2500,85.7900,84.9500,85.1400,1961318.95
2026-04-21T04:00:00Z,85.1300,85.9300,84.9700,85.6500,2368295.52
2026-04-21T08:00:00Z,85.6600,86.4700,85.4600,85.7900,2373738.30
2026-04-21T12:00:00Z,85.7900,86.8700,85.1200,86.0000,4868293.46
2026-04-21T16:00:00Z,86.0000,86.2400,84.2600,84.5300,4569660.19
2026-04-21T20:00:00Z,84.5200,86.1100,84.4000,86.0000,2546719.65
2026-04-22T00:00:00Z,86.0100,87.8600,85.9700,87.2100,4131981.91
2026-04-22T04:00:00Z,87.2200,88.3300,86.9300,88.0400,4445293.86
2026-04-22T08:00:00Z,88.0400,88.8800,87.5700,88.2900,3003423.61
2026-04-22T12:00:00Z,88.2900,89.2900,87.9800,88.1300,5351588.40
2026-04-22T16:00:00Z,88.1200,88.4200,87.0500,87.3400,3400879.94
2026-04-22T20:00:00Z,87.3400,87.6900,86.7500,86.8300,1567852.09
2026-04-23T00:00:00Z,86.8300,87.1100,85.4200,85.7200,3975017.23
2026-04-23T04:00:00Z,85.7300,86.1800,85.4500,85.8500,2589465.09
2026-04-23T08:00:00Z,85.8500,85.8900,85.1300,85.7600,2662434.79
2026-04-23T12:00:00Z,85.7600,86.6100,85.5000,86.3000,4370385.61
2026-04-23T16:00:00Z,86.3100,86.3800,84.4200,85.2400,5438047.19
2026-04-23T20:00:00Z,85.2300,86.2100,85.2200,86.0800,1839097.92
2026-04-24T00:00:00Z,86.0800,86.3200,85.3300,85.6300,1917022.00
2026-04-24T04:00:00Z,85.6400,85.7900,85.1000,85.4500,2342688.20
2026-04-24T08:00:00Z,85.4500,86.2400,84.7900,86.1400,3079436.27
2026-04-24T12:00:00Z,86.1400,86.7500,85.4600,86.4600,4173946.89
2026-04-24T16:00:00Z,86.4700,86.5600,85.8700,86.2900,1916355.06
2026-04-24T20:00:00Z,86.2800,86.9200,86.0200,86.1300,2001064.78
2026-04-25T00:00:00Z,86.1300,86.4500,85.9800,86.4200,717522.66
2026-04-25T04:00:00Z,86.4100,86.6300,86.0700,86.3100,1182500.76
2026-04-25T08:00:00Z,86.3100,86.7700,86.1900,86.3000,1449855.63
2026-04-25T12:00:00Z,86.3000,86.6300,86.0800,86.1700,1165618.57
2026-04-25T16:00:00Z,86.1800,86.2700,85.4800,85.6200,2022759.88
2026-04-25T20:00:00Z,85.6300,86.1300,85.5500,86.1300,860693.59
2026-04-26T00:00:00Z,86.1300,86.4400,85.7800,85.9400,1306989.58
2026-04-26T04:00:00Z,85.9400,86.7000,85.8900,86.5900,1771063.58
2026-04-26T08:00:00Z,86.5900,86.7300,86.3800,86.4600,896023.62
2026-04-26T12:00:00Z,86.4500,86.5400,85.8300,86.5000,2202797.03
2026-04-26T16:00:00Z,86.5000,87.4200,86.2200,86.8400,2280117.45
2026-04-26T20:00:00Z,86.8400,87.2900,86.0600,86.8700,2677304.36
2026-04-27T00:00:00Z,86.8800,88.0800,86.5000,87.6900,3859689.47
2026-04-27T04:00:00Z,87.6900,87.8100,85.2000,85.2100,5585929.09
2026-04-27T08:00:00Z,85.2100,85.5800,84.9400,85.1900,3205106.28
2026-04-27T12:00:00Z,85.1900,85.8100,83.5600,84.0900,6154267.82
2026-04-27T16:00:00Z,84.1000,84.6600,83.7600,84.1200,2786022.27
2026-04-27T20:00:00Z,84.1100,84.8800,84.0400,84.7800,1256006.55
2026-04-28T00:00:00Z,84.7800,84.8900,83.8500,84.1200,1689031.86
2026-04-28T04:00:00Z,84.1300,84.4200,83.5800,83.9600,2576582.39
2026-04-28T08:00:00Z,83.9600,84.1500,83.2100,83.3600,1785799.15
2026-04-28T12:00:00Z,83.3500,84.0400,82.9100,83.4300,3641220.07
2026-04-28T16:00:00Z,83.4200,83.9900,83.2700,83.8500,1804259.80
2026-04-28T20:00:00Z,83.8500,84.1500,83.5300,84.0200,1705013.30
2026-04-29T00:00:00Z,84.0200,84.7100,83.7500,84.5500,2339381.00
2026-04-29T04:00:00Z,84.5400,85.0400,84.3900,84.6600,2675402.67
2026-04-29T08:00:00Z,84.6700,85.5300,84.3000,84.8700,3623466.08
2026-04-29T12:00:00Z,84.8700,84.8700,82.9100,83.2000,5886939.49
2026-04-29T16:00:00Z,83.2000,83.5900,81.3100,82.1300,7155037.23
2026-04-29T20:00:00Z,82.1300,83.2000,82.0900,83.0100,2699689.92
2026-04-30T00:00:00Z,83.0200,83.9900,82.6400,83.0200,3249933.26
2026-04-30T04:00:00Z,83.0200,83.3600,82.1000,83.3200,2160348.07
2026-04-30T08:00:00Z,83.3100,83.5500,82.7500,82.9800,1834897.08
2026-04-30T12:00:00Z,82.9700,83.8000,82.6300,83.3000,3149571.46
2026-04-30T16:00:00Z,83.3000,83.4000,82.8200,82.9900,1505610.72
2026-04-30T20:00:00Z,82.9900,83.1600,82.7400,83.0400,762494.95
2026-05-01T00:00:00Z,83.0400,84.3700,83.0200,83.8500,2428538.65
2026-05-01T04:00:00Z,83.8500,84.2000,83.6200,83.9000,2221610.57
2026-05-01T08:00:00Z,83.9100,84.2800,83.6700,83.9800,1531444.87
2026-05-01T12:00:00Z,83.9700,84.8200,83.8100,84.4200,4247595.81
2026-05-01T16:00:00Z,84.4200,84.6000,83.7500,83.8600,2069694.26
2026-05-01T20:00:00Z,83.8500,83.9000,83.2800,83.7000,1638390.45
2026-05-02T00:00:00Z,83.7000,84.1600,83.3900,83.7600,1638101.39
2026-05-02T04:00:00Z,83.7600,83.8200,83.4800,83.6700,928565.43
2026-05-02T08:00:00Z,83.6800,84.1100,83.4700,83.6400,1225612.06
2026-05-02T12:00:00Z,83.6400,84.0500,83.6200,83.9900,1514428.38
2026-05-02T16:00:00Z,83.9900,84.2800,83.8900,84.1900,1005885.31
2026-05-02T20:00:00Z,84.1800,84.9600,84.0100,84.2300,2015421.96
2026-05-03T00:00:00Z,84.2300,84.2700,83.5300,83.6100,1791692.77
2026-05-03T04:00:00Z,83.6100,83.9700,83.5200,83.8200,1185320.05
2026-05-03T08:00:00Z,83.8300,84.1600,83.6800,83.9000,1442703.46
2026-05-03T12:00:00Z,83.9100,84.4100,83.9100,84.1200,1287085.00
2026-05-03T16:00:00Z,84.1100,84.4700,83.9500,84.3400,1000543.28
2026-05-03T20:00:00Z,84.3300,84.9500,83.8000,83.8700,2896654.10
2026-05-04T00:00:00Z,83.8600,85.6200,83.2900,85.3800,6981172.85
2026-05-04T04:00:00Z,85.3800,85.8800,84.4600,84.8400,4528941.22
2026-05-04T08:00:00Z,84.8400,85.1600,83.1800,83.9000,5510397.60
2026-05-04T12:00:00Z,83.9000,85.3000,83.5100,84.4500,5924771.54
2026-05-04T16:00:00Z,84.4500,85.1700,83.9300,84.4300,3369467.36
2026-05-04T20:00:00Z,84.4200,84.5200,83.9600,84.0500,1541991.89
2026-05-05T00:00:00Z,84.0500,84.9400,83.9800,84.7300,2072945.54
2026-05-05T04:00:00Z,84.7200,85.1000,84.5200,84.8300,2784292.52
2026-05-05T08:00:00Z,84.8300,84.9700,84.3900,84.9300,1729098.48
2026-05-05T12:00:00Z,84.9300,86.0800,84.8600,85.4700,6075885.79
2026-05-05T16:00:00Z,85.4600,86.5300,85.0100,86.4700,3363085.17
2026-05-05T20:00:00Z,86.4600,86.9600,86.1200,86.2400,3330539.61
2026-05-06T00:00:00Z,86.2400,87.4400,86.0600,87.2900,3215633.44
2026-05-06T04:00:00Z,87.2800,87.8700,86.6100,87.6500,3165034.62
2026-05-06T08:00:00Z,87.6600,90.1300,87.6000,89.8300,6329872.26
2026-05-06T12:00:00Z,89.8400,89.9400,87.4300,88.9200,7231512.55
2026-05-06T16:00:00Z,88.9100,89.4800,88.4200,89.2100,3442420.52
2026-05-06T20:00:00Z,89.2100,89.5800,88.6100,89.1000,2008443.36
2026-05-07T00:00:00Z,89.1100,89.2300,87.4700,87.7200,3427141.28
2026-05-07T04:00:00Z,87.7200,90.4000,87.6400,90.1200,4702271.27
2026-05-07T08:00:00Z,90.1200,90.2300,88.6600,89.5000,3925571.92
2026-05-07T12:00:00Z,89.5000,90.0600,87.7500,88.2800,6445250.59
2026-05-07T16:00:00Z,88.2700,89.0200,87.9100,88.4100,3925674.00
2026-05-07T20:00:00Z,88.4100,88.8200,87.6100,88.4000,2379906.60
2026-05-08T00:00:00Z,88.4000,88.6100,87.5600,88.1700,2182797.42
2026-05-08T04:00:00Z,88.1700,88.3900,87.6000,88.2000,2337820.16
2026-05-08T08:00:00Z,88.2000,88.7300,87.9600,88.5900,2507432.02
2026-05-08T12:00:00Z,88.5900,89.5600,87.9500,89.5500,4412932.49
2026-05-08T16:00:00Z,89.5500,92.7800,89.2900,92.5600,7929103.35
2026-05-08T20:00:00Z,92.5700,92.6800,91.7100,91.9700,2731073.81
2026-05-09T00:00:00Z,91.9600,93.8000,91.8000,93.5900,3998075.69
2026-05-09T04:00:00Z,93.5800,94.1600,92.7800,93.7100,4227438.92
2026-05-09T08:00:00Z,93.7100,93.9100,92.9700,93.5600,2017522.89
2026-05-09T12:00:00Z,93.5700,93.7000,92.3200,92.9400,2948032.38
2026-05-09T16:00:00Z,92.9500,93.6000,92.6200,93.4500,2461139.97
2026-05-09T20:00:00Z,93.4600,93.5000,92.9900,93.0700,780757.00
2026-05-10T00:00:00Z,93.0600,93.4600,92.5400,93.3700,1977182.64
2026-05-10T04:00:00Z,93.3600,93.5900,93.1800,93.3900,1152266.41
2026-05-10T08:00:00Z,93.3900,94.7800,92.7800,93.4800,4849804.80
2026-05-10T12:00:00Z,93.4900,94.7000,93.1200,94.4800,3491503.92
2026-05-10T16:00:00Z,94.4900,96.8800,94.1200,96.4500,6975343.45
2026-05-10T20:00:00Z,96.4400,96.8300,93.3700,96.4200,6835011.95
2026-05-11T00:00:00Z,96.4200,96.6300,94.4100,94.7200,5492145.32
2026-05-11T04:00:00Z,94.7200,96.1200,94.3700,95.2900,2957871.32
2026-05-11T08:00:00Z,95.2900,95.5500,94.5200,95.2100,2761781.60
2026-05-11T12:00:00Z,95.2200,96.7800,94.2500,96.7600,8297828.82
2026-05-11T16:00:00Z,96.7700,98.3600,96.4400,98.1300,6620683.23
2026-05-11T20:00:00Z,98.1300,98.3400,97.0300,97.3100,2101048.79
2026-05-12T00:00:00Z,97.3200,97.6300,95.4700,96.0900,3987697.34
2026-05-12T04:00:00Z,96.0900,96.9600,95.7400,95.9800,2707688.44
2026-05-12T08:00:00Z,95.9800,96.0900,94.5200,94.9200,4740883.81
2026-05-12T12:00:00Z,94.9200,95.5200,93.5600,93.8200,6833288.94
